TransactionID,Date,Department,Branch,Revenue,COGS,OperatingExpense,Assets,Liabilities,Equity,CashFlow,Customer,Vendor,Status
T1005,2025-04-01,Sales,Lagos,-5000.0,9454.04,6720.1,344837.95,103139.14,241698.81,-28516.85,Acme Ltd,Vendor B,Pending
T1003,2026-04-16,Operations,Lagos,-5000.0,780.56,8700.31,494673.14,295784.04,198889.1,38946.05,,Vendor B,Pending
T1004,2025-07-29,Operations,Abuja,,20481.26,7311.55,127292.96,110275.29,259704.55,-29964.56,Zenith,Vendor B,Cancelled
T1005,2025-09-20,HR,Lagos,-5000.0,15755.19,3903.54,273817.04,212984.05,60832.98999999999,46980.2,,Vendor B,Paid
T1006,2025-09-07,Sales,Lagos,-5000.0,15382.76,1693.8,448887.78,199514.82,249372.96,-31915.41,Globex,Vendor B,Paid
T1007,2025-10-19,HR,Lagos,-5000.0,8776.9,8216.52,230142.96,14006.96,216136.0,-4168.36,Acme Ltd,Vendor A,Paid
T1008,2025-05-25,Sales,Lagos,6132.42,22242.1,9543.65,380170.9,130317.98,249852.92,-8388.9,Acme Ltd,Vendor A,Paid
T1009,2025-01-26,Operations,Abuja,40992.69,3908.86,1642.22,472829.1,236254.22,236574.88,-21796.46,,Vendor A,Paid
T1010,2026-06-19,Finance,Lagos,,18614.91,942.78,55648.83,232833.56,190203.64,-9525.52,Acme Ltd,Vendor A,Paid
T1005,2026-06-02,HR,Lagos,-5000.0,28578.51,1895.43,444666.55,346595.5,98071.04999999999,-24969.57,Globex,Vendor A,Paid
T1012,2026-06-20,HR,Lagos,-5000.0,8810.55,9658.43,176581.55,177707.15,-1125.600000000006,42780.85,,Vendor A,Cancelled
T1013,2026-01-12,HR,Abuja,-5000.0,16066.87,433.55,395047.99,167519.4,227528.59,22842.12,Acme Ltd,Vendor B,Paid
T1014,2025-04-27,Sales,Port Harcourt,-5000.0,28213.18,2909.44,227381.31,385529.7,-158148.39,-23593.46,,Vendor B,Pending
T1015,2025-11-23,Operations,Port Harcourt,,13589.24,2650.84,240303.65,281601.79,-41298.13999999998,30176.09,Zenith,Vendor B,Cancelled
T1016,2026-01-31,Sales,Lagos,,20579.4,3561.8,447023.13,376841.83,70181.29999999999,28793.66,Acme Ltd,Vendor B,Paid
T1017,2026-05-17,HR,Lagos,,23555.74,7764.88,487030.96,29919.12,457111.84,29675.72,Acme Ltd,Vendor A,Pending
T1018,2025-06-17,Operations,Abuja,32563.55,23128.1,2948.1,267348.71,63489.21,203859.5,-46912.95,,Vendor A,Pending
T1019,2026-05-03,Operations,Lagos,-5000.0,24409.96,9987.83,19155.53,335087.73,-315932.2,44464.31,,Vendor A,Pending
T1020,2026-04-16,Sales,Port Harcourt,,10167.08,4866.79,145778.45,116140.92,29637.53000000001,-3702.13,Acme Ltd,Vendor A,Paid
T1021,2025-04-13,Operations,Lagos,,18237.79,9648.92,312155.65,265491.47,46664.18000000005,-34363.64,Globex,Vendor A,Paid
T1022,2026-04-22,Sales,Port Harcourt,,8537.28,6543.95,468482.52,162976.99,305505.53,-29403.02,Zenith,Vendor A,Paid
T1023,2025-02-03,Operations,Port Harcourt,,13342.69,9435.78,341437.67,335738.01,5699.659999999974,-7389.45,Zenith,Vendor B,Paid
T1024,2025-09-21,Sales,Port Harcourt,,24048.69,9168.61,350308.72,254424.61,95884.10999999999,-4591.95,,Vendor A,Paid
T1025,2026-03-21,Finance,Port Harcourt,20622.93,25142.45,6531.62,337645.81,355385.35,-17739.53999999998,38963.29,,Vendor B,Cancelled
T1026,2025-01-08,Operations,Abuja,-5000.0,2013.57,2893.98,47371.09,341003.03,-293631.9400000001,9627.89,,Vendor A,Paid
T1027,2025-07-06,Finance,Lagos,13735.96,8688.23,9596.25,191747.53,348546.37,-156798.84,-22456.83,Acme Ltd,Vendor B,Paid
T1005,2025-06-23,Finance,Lagos,21728.88,19914.3,4717.67,114378.68,334264.52,266907.04,-37772.15,Globex,Vendor A,Cancelled
T1029,2025-09-06,Sales,Lagos,3531.2,25676.51,3153.56,254999.49,148959.27,245381.33,43571.54,Zenith,Vendor B,Paid
T1030,2026-04-27,HR,Lagos,-5000.0,7045.83,5742.75,28151.53,15511.15,12640.38,46993.77,Globex,Vendor B,Paid
T1031,2026-06-11,Sales,Abuja,20630.52,14814.01,317.77,237634.94,326740.41,-89105.46999999997,-23815.41,Zenith,Vendor A,Paid
T1032,2025-05-18,HR,Lagos,21929.98,18587.63,8333.17,463251.8,105337.59,357914.21,46679.7,Zenith,Vendor B,Paid
T1033,2025-06-26,Finance,Lagos,-5000.0,29858.21,5397.14,52114.84,44754.77,7360.07,14057.37,Zenith,Vendor A,Paid
T1034,2025-05-23,Sales,Port Harcourt,3938.4,23933.94,1486.45,26883.84,160214.2,-133330.36,3107.43,,Vendor B,Paid
T1035,2025-03-25,Sales,Lagos,-5000.0,26257.36,340.23,306842.96,273772.22,98139.38,2983.54,,Vendor A,Paid
T1036,2026-05-11,Operations,Abuja,12693.53,23563.06,1888.86,364671.83,157584.76,207087.07,-40851.5,,Vendor A,Paid
T1037,2025-08-21,Sales,Abuja,-5000.0,19644.86,4871.1,126638.92,168972.59,-42333.67,4271.77,,Vendor A,Paid
T1038,2025-10-21,Sales,Lagos,-5000.0,16290.81,7515.48,267872.25,359660.67,-91788.41999999998,28577.37,Zenith,Vendor A,Paid
T1039,2025-10-16,Sales,Abuja,24324.21,24970.01,4120.07,89527.12,115555.26,-26028.14,14381.95,,Vendor B,Paid
T1040,2026-05-20,Operations,Port Harcourt,-5000.0,22208.91,1758.94,32586.75,398514.73,-365927.98,-20110.1,,Vendor B,Pending
T1041,2025-01-05,Sales,Lagos,-5000.0,25119.13,628.61,197293.88,165791.38,31502.5,26888.62,Zenith,Vendor A,Paid
T1042,2025-11-03,Sales,Abuja,-5000.0,27328.75,9733.11,283857.54,149760.17,134097.37,20340.33,Globex,Vendor A,Cancelled
T1043,2026-02-19,Operations,Abuja,,19374.37,8389.73,327152.93,167384.3,159768.63,43948.7,,Vendor B,Paid
T1044,2025-11-08,Sales,Lagos,-5000.0,6892.5,4817.66,460365.93,39422.22,420943.71,-24840.63,,Vendor B,Paid
T1045,2025-05-25,HR,Lagos,-5000.0,8153.42,2522.83,455045.43,162896.93,292148.5,19515.55,,Vendor A,Cancelled
T1046,2026-03-16,Operations,Lagos,33763.89,6548.37,7900.8,165285.16,149386.03,101088.66,-33380.46,Acme Ltd,Vendor A,Paid
T1047,2026-01-27,Sales,Lagos,,5853.83,7379.52,487549.1,157281.1,113662.29,703.75,Zenith,Vendor B,Paid
T1048,2026-06-24,Sales,Lagos,,27646.19,4608.17,293553.31,160017.72,133535.59,-15238.19,,Vendor A,Paid
T1049,2025-10-17,Sales,Port Harcourt,,13362.79,6669.4,197127.12,214462.6,-17335.48000000001,40443.83,,Vendor B,Paid
T1050,2025-09-23,Finance,Lagos,-5000.0,16515.57,8661.35,203862.76,266161.47,-62298.70999999996,47774.41,Zenith,Vendor B,Pending
T1005,2025-11-06,Finance,Abuja,40274.44,22037.84,3478.29,98798.01,247070.26,-148272.25,3704.13,,Vendor A,Pending
T1052,2025-06-13,Sales,Lagos,-5000.0,22171.4,388.18,170595.34,185746.67,-15151.33000000002,-24261.65,Acme Ltd,Vendor B,Paid
T1053,2025-07-28,Operations,Port Harcourt,-5000.0,3479.62,1771.76,315947.49,349818.01,6465.66,5900.08,Acme Ltd,Vendor B,Pending
T1054,2025-08-02,Sales,Lagos,,18821.56,1097.15,186403.87,101543.13,84860.73999999999,-2595.24,,Vendor A,Cancelled
T1055,2025-02-09,Sales,Abuja,17997.55,22457.02,7227.17,100763.48,30162.92,85933.58,48612.91,,Vendor A,Paid
T1056,2026-03-17,Sales,Abuja,-5000.0,23683.63,5449.76,379781.71,39889.45,339892.26,1846.3,Acme Ltd,Vendor A,Paid
T1057,2025-12-13,Sales,Port Harcourt,-5000.0,24051.21,220.08,144261.33,147124.03,-2862.700000000012,35686.26,,Vendor B,Cancelled
T1058,2025-03-19,Finance,Lagos,,5936.65,5016.53,10317.21,325596.61,-315279.4,-9682.95,,Vendor B,Cancelled
T1059,2026-06-20,Sales,Abuja,-5000.0,25773.67,1587.74,432338.56,172103.59,260234.97,-26727.56,,Vendor B,Pending
T1060,2025-01-03,Operations,Lagos,,24883.24,1870.65,233742.03,347950.42,-114208.39,39142.41,,Vendor B,Paid
T1061,2025-06-21,Sales,Lagos,33187.21,25764.07,9184.85,295864.86,307937.57,-12072.71000000002,-30171.05,,Vendor B,Paid
T1062,2025-01-30,Sales,Abuja,-5000.0,9579.44,4317.2,446519.93,282993.44,163526.49,20070.05,,Vendor A,Cancelled
T1063,2025-01-28,Finance,Lagos,,13941.19,4819.41,178113.58,355547.77,-177434.19,42078.15,Zenith,Vendor B,Cancelled
T1064,2025-11-29,Operations,Lagos,-5000.0,22451.97,6786.52,315218.68,132503.66,182715.02,4823.84,,Vendor A,Paid
T1065,2025-06-25,Sales,Port Harcourt,-5000.0,14888.51,1923.36,431731.56,359420.46,53123.67,46764.88,Acme Ltd,Vendor A,Pending
T1066,2025-07-02,Finance,Port Harcourt,-5000.0,29478.46,4875.22,462538.19,219036.56,6728.68,10140.11,Globex,Vendor A,Pending
T1067,2025-03-24,Operations,Abuja,31269.73,8117.47,8218.26,486221.9,250094.93,236126.97,-47750.5,,Vendor B,Pending
T1068,2026-05-23,Operations,Port Harcourt,,21418.55,6676.01,285520.93,147855.33,137665.6,-28379.71,Acme Ltd,Vendor B,Cancelled
T1069,2026-06-22,Operations,Abuja,48623.95,19227.84,7359.53,208679.08,152838.79,55840.28999999998,31728.83,,Vendor A,Paid
T1070,2025-08-29,Sales,Lagos,-5000.0,6402.15,7006.11,203776.11,396195.86,-192419.75,4879.41,Acme Ltd,Vendor B,Paid
T1071,2025-11-06,Operations,Port Harcourt,-5000.0,13225.55,9004.59,52120.83,253427.65,-201306.82,22727.66,,Vendor B,Cancelled
T1072,2025-02-23,Finance,Port Harcourt,,24969.85,1821.5,455132.56,24338.39,430794.17,-27614.53,,Vendor A,Paid
T1073,2025-01-24,HR,Lagos,,777.13,6369.98,94379.51,381346.75,-286967.24,-37597.17,Globex,Vendor A,Paid
T1074,2025-08-03,Operations,Port Harcourt,37040.91,19729.0,5809.31,150127.4,303150.35,-153022.95,-12732.02,Acme Ltd,Vendor B,Paid
T1005,2025-10-12,Operations,Abuja,-5000.0,16697.59,605.19,231152.74,268442.45,-37289.71000000002,-39204.65,,Vendor B,Paid
T1076,2025-06-17,Sales,Abuja,-5000.0,5769.43,8386.94,412125.78,380234.17,31891.61000000004,29639.96,Acme Ltd,Vendor A,Paid
T1077,2025-04-13,Operations,Abuja,-5000.0,18764.45,6481.5,483613.99,38390.66,445223.33,-121.41,,Vendor B,Paid
T1078,2025-06-28,Operations,Abuja,,9800.19,2379.6,476484.0,125956.23,350527.77,28584.36,,Vendor B,Paid
T1079,2025-03-12,HR,Port Harcourt,-5000.0,2994.69,2026.05,266271.63,355839.71,-89568.08000000002,-8125.61,,Vendor B,Cancelled
T1080,2025-08-20,Operations,Port Harcourt,47443.15,26976.5,4817.91,319951.3,59998.04,72450.05,-46739.22,Globex,Vendor B,Paid
T1081,2025-11-11,Sales,Lagos,27368.57,8839.8,8147.48,122747.98,221933.73,-99185.75000000001,-45909.16,Acme Ltd,Vendor A,Pending
T1082,2025-04-11,Finance,Port Harcourt,-5000.0,5921.56,3355.6,495241.75,151551.11,343690.64,15009.75,,Vendor A,Paid
T1083,2025-05-19,Sales,Lagos,37667.29,21066.87,3407.44,120785.66,351131.02,-230345.36,28886.81,Acme Ltd,Vendor B,Pending
T1084,2025-05-31,Sales,Abuja,-5000.0,8500.21,4152.0,43301.75,134837.41,-91535.66,46058.1,Globex,Vendor A,Paid
T1085,2025-02-07,Operations,Lagos,2043.44,20032.62,4587.2,322751.7,330896.42,106799.9,27745.97,Zenith,Vendor A,Cancelled
T1086,2026-02-12,Operations,Lagos,,28810.54,3962.35,225198.56,358501.44,-133302.88,44170.91,,Vendor A,Pending
T1087,2025-02-21,Sales,Port Harcourt,-5000.0,22157.16,9738.13,361617.45,66321.86,295295.59,-28765.46,Acme Ltd,Vendor A,Paid
T1088,2026-04-06,Sales,Lagos,,18750.15,3842.14,83178.35,70630.85,12547.5,23028.76,,Vendor B,Paid
T1089,2025-01-30,Sales,Lagos,,6421.02,421.63,15128.89,203082.14,-187953.25,23544.38,Acme Ltd,Vendor B,Paid
T1090,2026-04-08,Finance,Port Harcourt,-5000.0,21588.85,1857.14,29383.31,248232.88,-218849.57,30733.12,Globex,Vendor A,Pending
T1091,2025-08-21,Sales,Abuja,31894.25,5208.07,6253.71,111955.74,327721.37,-215765.63,9243.82,,Vendor A,Paid
T1092,2026-06-22,Finance,Abuja,,12185.65,570.18,269299.36,141859.6,127439.76,-19247.95,Acme Ltd,Vendor A,Pending
T1093,2026-06-02,Finance,Abuja,16472.16,12139.95,1310.39,458285.55,72137.2,386148.35,-47730.28,Globex,Vendor B,Cancelled
T1094,2025-07-26,Finance,Port Harcourt,,19857.85,8305.53,149407.73,76939.13,72468.6,-31683.0,Zenith,Vendor B,Pending
T1095,2025-09-24,HR,Lagos,,25300.67,870.88,395757.04,17224.1,378532.94,3531.51,Globex,Vendor A,Paid
T1096,2026-06-19,Operations,Abuja,42959.83,24465.87,4795.92,178595.99,299708.19,-121112.2,-43517.33,,Vendor A,Paid
T1097,2025-03-11,Sales,Lagos,,14328.5,442.43,422227.67,149546.73,272680.9399999999,-35630.23,,Vendor A,Paid
T1098,2026-03-08,Finance,Port Harcourt,,6937.18,1696.44,259532.4,327793.71,-68261.31000000003,-49723.28,Acme Ltd,Vendor B,Paid
T1099,2025-05-01,Sales,Abuja,15661.31,20476.3,7720.74,360147.24,317815.19,42332.04999999999,30026.08,Acme Ltd,Vendor B,Paid
T1100,2025-11-29,HR,Lagos,,19213.25,1575.24,198445.14,388423.3,-189978.16,22002.27,Acme Ltd,Vendor A,Paid
T1101,2025-11-15,Finance,Port Harcourt,30912.1,16383.75,7689.56,138961.35,100997.38,48506.81,-17797.66,Acme Ltd,Vendor A,Paid
T1102,2025-08-30,Sales,Lagos,-5000.0,28740.06,5349.69,446966.91,185391.03,126191.84,-25246.84,Zenith,Vendor B,Paid
T1103,2025-12-08,Operations,Lagos,,23027.22,2313.39,162879.02,328598.29,-165719.27,-45774.52,,Vendor B,Paid
T1104,2025-03-05,Sales,Lagos,,10611.65,9808.92,193072.95,28655.26,164417.69,-45946.05,Globex,Vendor A,Paid
T1105,2026-05-20,Sales,Lagos,38357.12,10842.8,2819.3,240441.26,318136.06,-77694.79999999999,25799.43,Acme Ltd,Vendor B,Pending
T1106,2025-05-02,Finance,Lagos,,13157.85,590.25,63766.18,170474.8,-106708.62,-46827.72,,Vendor A,Pending
T1107,2026-03-12,Finance,Lagos,,9695.7,6764.11,212322.41,214172.66,-1850.25,9139.6,Acme Ltd,Vendor A,Cancelled
T1108,2025-01-31,Operations,Lagos,,1708.09,5915.17,54878.7,63069.79,-8191.090000000004,-39665.64,Acme Ltd,Vendor B,Cancelled
T1109,2026-04-30,Operations,Abuja,,26047.72,5352.07,406980.06,271401.05,135579.01,-22984.92,,Vendor A,Pending
T1110,2025-04-20,Operations,Port Harcourt,,19131.09,2404.31,278802.54,233064.22,45738.31999999998,-13882.15,Zenith,Vendor A,Paid
T1111,2025-05-08,Sales,Lagos,-5000.0,22993.13,994.63,357699.48,308968.17,48731.31,-34011.7,Zenith,Vendor A,Paid
T1112,2025-04-27,Sales,Abuja,-5000.0,12913.68,5254.44,103513.76,104035.41,-521.6500000000087,37547.08,Zenith,Vendor B,Pending
T1113,2026-03-01,HR,Lagos,-5000.0,22623.9,281.11,95807.79,271522.18,-175714.39,-41805.7,Globex,Vendor A,Paid
T1114,2026-06-23,HR,Lagos,,5053.26,3807.22,466997.75,284252.51,182745.24,15805.44,Globex,Vendor B,Paid
T1115,2025-02-07,Sales,Lagos,5926.66,9646.62,4498.65,273942.02,151680.29,122261.73,15051.78,Acme Ltd,Vendor B,Paid
T1116,2026-04-02,Sales,Lagos,-5000.0,957.79,5026.83,454708.9,344697.37,110011.53,-36408.67,,Vendor B,Paid
T1117,2026-02-24,HR,Lagos,41125.61,10142.04,3402.95,370299.86,204367.55,165932.31,-12957.58,Acme Ltd,Vendor B,Cancelled
T1118,2025-07-11,HR,Port Harcourt,22625.59,3303.26,7918.91,282456.93,181773.29,100683.64,-3226.67,,Vendor A,Paid
T1119,2026-01-13,Sales,Abuja,-5000.0,17323.26,1475.71,457855.68,14996.21,442859.47,-39272.09,,Vendor B,Paid
T1120,2026-06-06,Finance,Abuja,46222.36,14134.19,1162.96,479637.96,306213.48,173424.48,-11333.5,,Vendor A,Paid
T1121,2025-10-22,HR,Port Harcourt,-5000.0,13386.9,3367.96,464974.41,35060.99,429913.42,6728.48,,Vendor B,Cancelled
T1122,2026-03-10,Finance,Port Harcourt,,20566.68,1864.86,32983.88,151281.02,166213.57,-7913.01,,Vendor A,Paid
T1123,2025-06-20,Finance,Port Harcourt,-5000.0,9973.01,2976.03,145861.05,71969.96,73891.08999999998,-29743.42,Acme Ltd,Vendor B,Paid
T1124,2026-02-16,Finance,Port Harcourt,,16791.89,721.21,308158.96,116488.28,191670.68,18129.1,,Vendor A,Pending
T1125,2026-02-17,Operations,Port Harcourt,-5000.0,17278.42,2564.44,137041.73,131071.81,5969.920000000013,-5110.92,Globex,Vendor A,Paid
T1126,2026-03-14,Operations,Abuja,-5000.0,16255.83,2588.77,148571.54,91510.91,57060.63,-48664.05,,Vendor A,Paid
T1127,2025-03-15,Operations,Lagos,-5000.0,23882.53,4487.72,80860.06,240915.82,-160055.76,22650.64,Zenith,Vendor B,Pending
T1128,2025-04-02,HR,Lagos,-5000.0,28906.66,3820.32,496523.64,257067.76,239455.88,39659.77,Acme Ltd,Vendor A,Paid
T1129,2025-08-06,Operations,Abuja,,9442.64,4425.89,209807.36,259773.5,-49966.14000000001,12073.71,Acme Ltd,Vendor B,Paid
T1130,2025-08-12,Finance,Lagos,,24437.06,782.24,207599.2,339596.17,-131996.97,6586.33,,Vendor A,Paid
T1131,2025-03-10,Sales,Port Harcourt,-5000.0,12537.37,7003.77,373282.02,255572.13,117709.89,-46128.21,Zenith,Vendor A,Paid
T1132,2025-10-03,Finance,Lagos,-5000.0,19159.18,6357.85,397562.81,97220.9,213274.29,-43619.84,Zenith,Vendor B,Paid
T1133,2025-09-06,HR,Port Harcourt,14580.35,2083.58,5973.69,154241.41,131141.21,23100.20000000001,38279.04,Acme Ltd,Vendor A,Cancelled
T1134,2026-05-23,Sales,Lagos,22333.72,7714.33,2819.07,66150.62,212748.72,-146598.1,-10829.61,,Vendor B,Paid
T1135,2025-03-10,Sales,Lagos,29362.64,20865.61,3351.28,86258.25,375750.68,-289492.43,-3354.21,,Vendor B,Paid
T1136,2025-02-18,HR,Lagos,10742.07,29257.18,6265.31,155350.54,100785.76,54564.78000000001,-18333.7,Acme Ltd,Vendor B,Paid
T1137,2025-09-11,HR,Abuja,,23848.44,9931.52,451209.05,193010.35,258198.7,-11989.17,Globex,Vendor B,Paid
T1138,2025-08-02,Operations,Lagos,,12402.05,3779.06,180650.34,266754.97,-86104.62999999998,-18795.36,Acme Ltd,Vendor B,Paid
T1139,2025-09-15,Finance,Port Harcourt,,22348.15,3245.0,389444.8,225527.19,163917.61,44204.24,Zenith,Vendor A,Paid
T1140,2026-05-19,HR,Lagos,32718.66,829.34,8457.34,384643.97,70258.12,314385.85,-33187.75,,Vendor A,Paid
T1141,2026-05-23,Sales,Abuja,-5000.0,10962.8,6102.56,401605.76,17658.89,195997.27,42872.44,Zenith,Vendor A,Cancelled
T1142,2026-05-16,Operations,Lagos,,10433.0,296.6,166869.06,318838.04,-151968.98,49331.29,Globex,Vendor B,Pending
T1005,2026-01-24,Operations,Abuja,-5000.0,6105.96,2630.39,379649.83,293695.8,95358.06,-717.53,Globex,Vendor B,Paid
T1144,2026-04-26,Operations,Port Harcourt,20938.48,10824.32,5326.46,73683.72,314349.43,-240665.71,25175.12,Globex,Vendor A,Cancelled
T1145,2025-06-07,Sales,Port Harcourt,,5454.52,6017.78,383267.16,376388.54,6878.619999999995,-31620.55,,Vendor B,Paid
T1146,2026-05-28,Sales,Lagos,,2130.19,6989.16,275386.11,78044.55,86611.77,21303.65,,Vendor A,Pending
T1147,2025-12-31,HR,Abuja,-5000.0,22758.76,1541.02,318492.11,97006.04,221486.07,-30092.15,Zenith,Vendor B,Paid
T1148,2025-10-29,HR,Abuja,29122.9,19797.0,8860.31,161080.31,140101.04,20979.26999999999,48984.05,Acme Ltd,Vendor B,Paid
T1149,2025-12-25,Finance,Port Harcourt,-5000.0,9082.76,2351.84,195358.99,62539.96,132819.03,26428.1,Acme Ltd,Vendor A,Paid
T1150,2025-03-04,Finance,Lagos,-5000.0,8289.85,7340.67,244088.73,120011.3,124077.43,-46584.21,,Vendor A,Paid
T1151,2026-03-10,Sales,Port Harcourt,6846.5,26977.25,9178.08,103692.53,222938.51,-119245.98,-35757.54,Zenith,Vendor A,Pending
T1152,2025-10-25,Sales,Port Harcourt,46534.91,13602.78,9746.27,186473.91,266159.55,-79685.63999999998,8225.4,Acme Ltd,Vendor B,Cancelled
T1153,2025-07-02,Finance,Port Harcourt,-5000.0,12559.6,9730.26,416550.69,183479.99,233070.7,9801.4,Globex,Vendor A,Pending
T1005,2025-06-14,Sales,Lagos,45557.32,15362.59,7640.42,276658.6,158764.33,117894.27,-32352.73,,Vendor B,Cancelled
T1155,2025-11-18,Sales,Port Harcourt,14207.49,9942.9,521.11,93496.13,117227.98,255742.49,8737.87,Acme Ltd,Vendor A,Paid
T1156,2025-06-01,Sales,Abuja,-5000.0,16209.48,6786.97,418037.55,178422.26,239615.29,19378.11,Globex,Vendor B,Paid
T1157,2025-01-11,HR,Lagos,-5000.0,4850.91,4938.82,488591.33,31170.67,153753.58,37476.52,Acme Ltd,Vendor A,Paid
T1158,2026-05-28,Operations,Lagos,39252.61,2235.6,4883.21,38238.87,50379.4,-12140.53,-7165.35,Acme Ltd,Vendor B,Cancelled
T1159,2025-07-08,HR,Lagos,,27986.88,4208.73,208079.12,392216.82,-184137.7,24219.72,,Vendor B,Cancelled
T1160,2026-02-16,Sales,Lagos,,9506.06,941.2,82122.84,33538.01,48584.82999999999,47439.6,,Vendor B,Paid
T1161,2026-03-03,Sales,Lagos,-5000.0,25705.33,7643.17,256645.38,7634.02,249011.36,19743.83,Zenith,Vendor A,Cancelled
T1162,2026-04-14,Operations,Lagos,-5000.0,13587.09,1628.56,250731.81,276760.27,-26028.46000000002,37113.82,Globex,Vendor A,Paid
T1163,2026-05-13,Finance,Port Harcourt,,1447.76,3096.69,371098.39,392941.74,-21843.34999999998,-29119.53,,Vendor A,Paid
T1164,2025-07-15,Sales,Abuja,,14592.42,2304.83,192105.61,299860.82,-107755.21,48455.42,,Vendor B,Cancelled
T1165,2026-04-21,Operations,Lagos,7052.46,5467.34,4535.75,14184.41,267662.41,-253478.0,-39384.31,Zenith,Vendor B,Cancelled
T1166,2025-05-24,Operations,Lagos,-5000.0,27315.57,9320.65,269240.86,189713.49,79527.37,-8507.28,,Vendor B,Cancelled
T1167,2025-07-16,Finance,Port Harcourt,,16577.04,9213.0,415769.56,208850.21,206919.35,34504.33,Zenith,Vendor A,Paid
T1168,2025-08-07,Sales,Lagos,-5000.0,7116.04,6002.64,405035.52,14805.26,390230.26,-11820.78,Acme Ltd,Vendor B,Pending
T1169,2025-01-19,Finance,Abuja,,9535.16,365.93,172020.75,60824.71,295721.69,18885.13,Globex,Vendor B,Pending
T1170,2026-02-19,Finance,Lagos,-5000.0,18452.11,1316.33,432935.41,391406.02,41529.38999999996,27284.79,Acme Ltd,Vendor A,Pending
T1171,2025-02-08,Operations,Lagos,-5000.0,14872.44,9618.7,213062.34,190826.82,22235.51999999999,-44070.57,,Vendor A,Paid
T1172,2025-08-08,HR,Port Harcourt,-5000.0,7269.35,6222.85,160494.09,365079.18,-204585.09,17546.56,Zenith,Vendor B,Pending
T1173,2025-08-22,Sales,Lagos,,8956.09,1463.28,188770.63,99919.91,88850.72,21229.19,,Vendor B,Paid
T1174,2025-04-15,Operations,Lagos,30078.56,29256.02,1354.2,247503.45,381705.68,-134202.23,-33343.59,Acme Ltd,Vendor A,Paid
T1175,2025-02-09,HR,Lagos,-5000.0,28119.15,6583.49,200210.93,167423.72,32787.20999999999,-28193.29,,Vendor A,Paid
T1176,2026-01-04,HR,Lagos,,9808.64,8429.33,50966.84,42075.94,8890.899999999994,-5390.47,,Vendor B,Paid
T1177,2025-08-26,Finance,Lagos,,20723.64,7419.13,161358.44,334110.46,-172752.02,13255.97,,Vendor A,Paid
T1178,2025-07-20,Sales,Abuja,,12717.16,8867.68,287644.3,175752.94,111891.36,12037.86,Globex,Vendor A,Cancelled
T1179,2025-09-02,Sales,Abuja,49391.59,20087.35,8872.07,32814.15,118025.27,-85211.12,-43473.71,Globex,Vendor B,Paid
T1180,2025-01-10,HR,Lagos,,8202.5,881.39,319225.36,185591.36,133634.0,18546.06,Globex,Vendor A,Paid
T1005,2025-01-09,Sales,Lagos,,29804.26,5576.1,170071.63,227790.49,-57718.85999999999,3489.73,Acme Ltd,Vendor A,Paid
T1182,2025-05-29,Operations,Lagos,,18555.72,5614.9,363015.29,243526.3,54453.65,-21710.57,Acme Ltd,Vendor A,Paid
T1183,2025-06-22,Sales,Lagos,-5000.0,21257.58,6721.12,406659.7,86773.0,319886.7,15421.31,,Vendor A,Pending
T1184,2025-06-17,Operations,Lagos,,8286.81,4141.11,344723.29,208591.55,136131.74,1517.95,Zenith,Vendor B,Pending
T1185,2025-10-11,Operations,Abuja,7456.4,6027.4,7925.22,272035.75,324343.6,-52307.84999999998,34868.46,,Vendor B,Pending
T1186,2025-09-02,HR,Lagos,,22257.57,6558.7,26347.5,148371.21,-122023.71,24300.93,Zenith,Vendor A,Cancelled
T1187,2026-05-27,HR,Lagos,,9180.67,2086.53,454442.51,190630.6,263811.91,12486.8,Zenith,Vendor B,Paid
T1188,2026-05-29,Sales,Lagos,,5574.03,7258.17,497996.92,208970.91,289026.01,48427.19,,Vendor B,Pending
T1189,2025-06-14,Sales,Abuja,-5000.0,1112.4,3012.15,249153.69,261033.62,-11879.92999999999,15247.56,,Vendor B,Paid
T1005,2025-09-13,Finance,Port Harcourt,-5000.0,19786.76,9458.94,99531.76,65859.66,33672.09999999999,26068.37,Acme Ltd,Vendor B,Paid
T1191,2025-01-24,Operations,Abuja,,14279.93,8466.82,347380.12,169802.3,177577.82,42056.98,Acme Ltd,Vendor B,Paid
T1192,2026-01-30,Sales,Lagos,-5000.0,24242.16,8735.97,270449.52,154446.88,116002.64,-15193.35,Acme Ltd,Vendor B,Pending
T1193,2026-04-03,Sales,Port Harcourt,33778.08,20264.84,202.2,99655.89,38239.48,61416.41,-35808.05,Globex,Vendor B,Paid
T1194,2025-01-04,Sales,Lagos,5036.17,5136.79,8359.81,391351.65,366130.06,25221.59000000003,-37013.64,Acme Ltd,Vendor A,Pending
T1195,2025-09-18,Sales,Abuja,,8295.73,5321.64,137288.12,225857.73,-88569.61000000002,-49429.38,,Vendor B,Cancelled
T1196,2025-01-08,Operations,Abuja,-5000.0,11228.53,2758.44,234800.25,228858.05,5942.200000000012,19049.47,,Vendor A,Paid
T1197,2026-03-30,Operations,Lagos,,1333.83,5127.66,101042.24,66124.15,34918.09000000001,44059.54,Globex,Vendor A,Pending
T1198,2026-04-22,Operations,Lagos,,26339.35,5824.73,398660.83,353837.91,44822.92000000004,12002.43,,Vendor A,Cancelled
T1199,2025-11-05,Operations,Abuja,36908.0,19669.44,603.12,340136.53,283116.29,57020.24000000005,12971.66,,Vendor A,Paid
T1200,2025-05-01,Sales,Lagos,-5000.0,27330.81,8166.66,180035.58,283998.52,-103962.94,26254.97,,Vendor B,Cancelled
T1201,2025-03-19,Sales,Lagos,14329.99,20393.93,1125.25,301909.34,97894.13,204015.21,-44051.33,Zenith,Vendor B,Paid
T1202,2025-06-10,Operations,Abuja,,21673.98,384.23,251641.18,231052.35,20588.82999999999,16932.02,Globex,Vendor A,Paid
T1203,2026-02-09,HR,Lagos,,27202.32,5141.7,372798.66,154273.27,218525.39,47878.81,Acme Ltd,Vendor A,Paid
T1204,2026-05-01,Sales,Lagos,,3958.01,8231.15,162446.26,176279.33,-13833.06999999998,-35983.71,,Vendor A,Cancelled
T1205,2025-06-28,Operations,Abuja,24676.13,27286.79,2992.72,299919.22,352069.63,177194.57,33734.34,,Vendor A,Pending
T1206,2025-03-02,HR,Port Harcourt,,25445.53,9404.79,187665.18,270252.74,-82587.56,-5772.89,Zenith,Vendor B,Paid
T1207,2025-10-14,Operations,Abuja,,8716.16,5901.85,381364.38,259815.5,121548.88,-40712.02,,Vendor B,Pending
T1208,2025-12-06,Sales,Abuja,-5000.0,3844.81,9199.64,374735.53,92262.96,282472.57,-28980.0,,Vendor B,Paid
T1209,2025-12-31,Finance,Lagos,-5000.0,8422.71,9315.07,99643.41,345739.28,-246095.87,11886.05,Zenith,Vendor A,Cancelled
T1210,2026-03-02,HR,Lagos,-5000.0,17651.41,2429.68,126197.3,106218.18,19979.12000000001,-31607.67,,Vendor A,Paid
T1211,2025-07-01,Sales,Port Harcourt,,29463.2,8346.1,498891.36,120520.1,378371.26,-20323.83,Zenith,Vendor A,Pending
T1212,2026-05-22,Sales,Port Harcourt,46598.95,12755.82,7246.0,314626.77,172874.59,71709.18,3490.88,Globex,Vendor B,Cancelled
T1213,2025-02-09,Sales,Lagos,,23092.42,865.46,174567.78,133109.99,262455.08,18215.61,Globex,Vendor A,Pending
T1214,2026-04-22,Sales,Lagos,,24337.74,375.67,129367.77,253194.65,-123826.88,40444.76,,Vendor A,Paid
T1215,2025-04-23,Operations,Lagos,36855.12,654.62,2591.45,241609.62,316562.27,-74952.65000000002,-19699.71,,Vendor B,Pending
T1216,2026-02-02,Sales,Lagos,-5000.0,24667.84,2469.44,223861.68,343753.79,-119892.11,-35867.81,Globex,Vendor A,Cancelled
T1217,2025-04-12,Sales,Lagos,,13582.54,7671.35,488289.4,221426.3,266863.1,-12416.53,Globex,Vendor A,Pending
T1218,2025-07-25,Sales,Lagos,7793.78,23180.81,742.17,260003.03,11986.87,248016.16,6359.95,Zenith,Vendor B,Cancelled
T1219,2025-02-19,Sales,Port Harcourt,,23425.23,4216.91,245519.49,392547.73,177896.77,11667.41,Acme Ltd,Vendor B,Paid
T1220,2025-07-16,HR,Port Harcourt,,13713.39,3290.24,481365.33,120203.93,361161.4,22804.93,Acme Ltd,Vendor B,Paid
T1221,2026-04-27,Operations,Lagos,-5000.0,19416.53,9038.17,94923.22,24552.0,70371.22,-33942.23,,Vendor B,Paid
T1222,2025-10-15,Sales,Lagos,-5000.0,29494.65,1781.74,176941.31,374968.84,-198027.53,-11674.08,Globex,Vendor B,Paid
T1223,2025-03-26,Finance,Port Harcourt,-5000.0,3621.45,8335.44,97744.44,157527.63,-59783.19,-20073.34,,Vendor B,Cancelled
T1224,2025-09-16,Sales,Lagos,,17717.21,3852.57,330553.18,138734.39,191818.79,-16815.82,,Vendor B,Cancelled
T1005,2026-05-02,HR,Port Harcourt,2771.58,2741.18,9353.86,261271.72,155521.64,105750.08,-24601.47,Acme Ltd,Vendor A,Paid
T1226,2025-06-08,Operations,Abuja,-5000.0,20983.3,6104.62,218815.05,137663.02,81152.03,-20847.19,,Vendor A,Pending
T1227,2025-08-07,Sales,Port Harcourt,,19459.28,8162.26,161143.73,299802.62,-138658.89,9863.61,Zenith,Vendor A,Pending
T1228,2025-12-31,Sales,Port Harcourt,-5000.0,9939.53,7251.16,348854.77,361079.48,-12224.70999999996,-3450.86,Globex,Vendor A,Pending
T1229,2025-11-10,Operations,Abuja,38660.78,27700.22,1575.93,273608.59,305480.49,-31871.89999999997,-142.11,,Vendor B,Cancelled
T1230,2025-05-29,Finance,Lagos,,26695.01,1003.52,94483.96,271326.61,220767.4,-35322.05,,Vendor A,Pending
T1231,2025-12-22,Operations,Port Harcourt,-5000.0,14932.64,1736.01,456285.51,8408.63,286285.92,-36376.1,Zenith,Vendor A,Paid
T1232,2025-05-07,HR,Lagos,,19300.1,4855.73,340499.67,289884.74,50614.92999999999,43599.16,,Vendor A,Pending
T1233,2025-07-19,Finance,Port Harcourt,-5000.0,8823.51,9743.04,457640.82,164505.97,293134.85,32696.89,Acme Ltd,Vendor B,Paid
T1234,2025-02-03,Sales,Lagos,18131.28,7252.72,4508.5,476226.58,100156.15,376070.4300000001,-6405.52,,Vendor B,Paid
T1235,2026-01-07,HR,Abuja,-5000.0,15296.92,4782.73,28159.72,211418.22,-183258.5,-15553.29,Acme Ltd,Vendor A,Paid
T1236,2026-03-18,Sales,Abuja,-5000.0,25825.54,7366.82,445316.56,245415.44,199901.12,-47794.49,Globex,Vendor A,Paid
T1237,2026-03-02,Sales,Lagos,-5000.0,1799.76,8654.47,299702.24,318755.6,-19053.35999999999,-23433.55,Globex,Vendor B,Cancelled
T1238,2025-08-27,HR,Lagos,,15216.65,1634.32,145037.96,143976.2,1061.75999999998,-20317.64,Globex,Vendor A,Paid
T1239,2025-02-09,Operations,Lagos,,3576.04,7654.42,350026.71,199997.64,150029.07,5758.21,,Vendor A,Paid
T1240,2026-01-19,Sales,Lagos,-5000.0,6460.55,5476.32,82294.72,362463.29,-280168.5699999999,-39676.23,,Vendor B,Cancelled
T1241,2026-02-08,Sales,Lagos,,13817.76,2509.11,118624.32,125577.29,-6952.969999999987,-8135.75,Acme Ltd,Vendor A,Pending
T1242,2025-04-30,Sales,Port Harcourt,,27071.84,2791.5,14033.39,203197.38,-189163.99,15654.74,,Vendor A,Pending
T1243,2026-01-07,Operations,Port Harcourt,26897.8,28309.79,7300.78,361662.09,31279.51,330382.58,13078.72,Zenith,Vendor B,Paid
T1244,2025-06-07,Operations,Abuja,12319.65,17642.51,3231.3,88663.48,6347.79,82315.69,-29673.54,Zenith,Vendor B,Cancelled
T1245,2025-12-11,HR,Lagos,-5000.0,912.65,2063.65,227261.09,178703.72,48557.37,23040.26,Globex,Vendor B,Paid
T1246,2025-09-18,HR,Abuja,-5000.0,8675.5,4031.85,382057.9,244864.22,137193.68,47719.62,,Vendor B,Cancelled
T1247,2025-08-05,Sales,Lagos,-5000.0,28160.76,529.3,483955.52,139252.58,344702.9400000001,-24362.81,,Vendor A,Paid
T1248,2025-12-02,HR,Lagos,,6542.53,4857.44,441648.96,64244.79,377404.17,20120.39,Acme Ltd,Vendor A,Paid
T1249,2026-02-09,Operations,Abuja,,15974.51,2307.43,49949.91,321598.36,-271648.45,-33596.87,Acme Ltd,Vendor B,Paid
T1250,2026-02-07,HR,Port Harcourt,-5000.0,22926.74,5155.64,499516.01,181672.36,134987.65,16604.52,Acme Ltd,Vendor A,Paid
T1251,2025-04-06,Finance,Lagos,-5000.0,21960.64,4969.07,139297.62,114682.85,24614.76999999999,-26471.46,Zenith,Vendor A,Pending
T1252,2026-03-30,Sales,Lagos,,14802.15,7648.03,459194.71,289158.03,170036.68,26311.12,,Vendor A,Paid
T1253,2025-10-25,Operations,Port Harcourt,-5000.0,13217.44,910.2,73705.52,358023.31,-284317.79,43212.55,Globex,Vendor A,Paid
T1254,2025-08-12,Sales,Lagos,-5000.0,25293.91,5224.3,381982.47,342117.27,39865.19999999995,-2502.52,Zenith,Vendor B,Paid
T1255,2025-05-01,HR,Abuja,,22919.41,6662.05,157839.26,316251.28,234910.87,-7369.67,,Vendor A,Paid
T1256,2025-09-29,Operations,Abuja,-5000.0,3288.07,9072.05,20465.9,203684.18,-183218.28,-14134.72,Zenith,Vendor B,Paid
T1257,2025-03-14,Operations,Lagos,,13884.23,5280.65,318238.68,124477.89,193760.79,19350.33,,Vendor B,Paid
T1258,2025-12-30,Finance,Lagos,,9208.97,9874.24,303490.0,57843.94,260194.88,36396.5,Acme Ltd,Vendor B,Cancelled
T1259,2025-10-21,HR,Lagos,32233.73,7915.15,7227.0,80105.77,345676.58,-265570.81,-32547.23,,Vendor B,Paid
T1260,2026-04-09,HR,Lagos,-5000.0,6123.79,3164.84,400165.32,367760.78,32404.53999999998,-31627.31,,Vendor A,Cancelled
T1261,2026-01-12,Sales,Lagos,-5000.0,23437.65,2592.61,112554.63,251610.91,-139056.28,-49050.65,,Vendor B,Paid
T1262,2026-06-25,Sales,Port Harcourt,,22425.82,1716.42,357492.51,160926.06,196566.45,-6326.43,Zenith,Vendor B,Paid
T1263,2025-10-27,Sales,Port Harcourt,-5000.0,7620.01,608.13,347909.42,112947.95,234961.47,-29764.21,Zenith,Vendor B,Paid
T1264,2026-04-13,Sales,Abuja,-5000.0,10441.79,669.12,317337.03,299028.95,18308.08000000002,4650.17,Acme Ltd,Vendor B,Pending
T1265,2025-08-20,Operations,Lagos,-5000.0,2997.64,5924.25,342513.77,322785.62,19728.15000000002,38213.03,Acme Ltd,Vendor B,Cancelled
T1266,2025-09-22,Sales,Lagos,,7751.09,5862.74,47898.35,148412.7,29293.8,25076.82,Zenith,Vendor A,Paid
T1267,2025-02-28,Sales,Port Harcourt,,15796.48,8046.35,139103.4,368384.13,102671.78,-23211.81,,Vendor A,Paid
T1268,2025-07-31,Operations,Port Harcourt,,7353.49,4863.17,408506.03,159609.47,248896.56,17933.78,Acme Ltd,Vendor B,Cancelled
T1269,2025-06-30,Operations,Lagos,-5000.0,9198.96,2247.6,114353.01,205261.67,-90908.66000000002,20985.75,,Vendor B,Cancelled
T1270,2026-01-31,HR,Lagos,-5000.0,19872.75,4872.06,126500.0,169254.35,-42754.35000000001,-41327.56,Globex,Vendor A,Paid
T1271,2025-05-05,Operations,Lagos,-5000.0,26535.23,6261.84,19120.92,284608.39,-265487.47,2031.21,Acme Ltd,Vendor B,Paid
T1272,2025-06-25,Finance,Port Harcourt,-5000.0,23326.94,6712.1,417975.33,72554.2,345421.13,11383.75,,Vendor B,Paid
T1273,2025-10-05,Sales,Lagos,29202.91,8352.46,1690.91,285070.89,388241.51,-103170.62,-40319.95,,Vendor A,Pending
T1274,2025-02-27,Sales,Lagos,,1746.71,8218.99,346400.19,218659.66,127740.53,-2331.9,,Vendor B,Paid
T1275,2025-12-26,Sales,Port Harcourt,-5000.0,20443.06,9805.84,332938.69,293975.13,38963.56,22561.75,,Vendor A,Pending
T1276,2025-05-20,Sales,Lagos,,29379.28,6672.73,26463.62,105838.68,-79375.06,37909.58,,Vendor A,Pending
T1277,2026-06-02,Finance,Abuja,,14779.18,2580.4,315821.42,289275.87,26545.54999999999,37167.96,Zenith,Vendor A,Cancelled
T1278,2025-10-07,Sales,Lagos,,13532.89,5156.76,493336.03,236399.58,256936.45,-22256.07,Acme Ltd,Vendor A,Paid
T1279,2025-10-16,Operations,Port Harcourt,2799.33,29840.11,3981.41,220850.9,221533.46,-682.5599999999977,-7769.84,,Vendor A,Pending
T1280,2026-04-16,Finance,Lagos,-5000.0,27641.45,1610.62,196881.99,172228.98,24653.00999999998,-3285.64,Acme Ltd,Vendor B,Pending
T1281,2025-08-09,Finance,Lagos,,29947.85,8554.96,406813.31,371312.78,35500.52999999997,-21469.87,Globex,Vendor B,Cancelled
T1282,2025-08-11,Sales,Lagos,,27396.9,2937.05,430611.4,109234.17,230982.04,12348.51,,Vendor A,Paid
T1283,2025-12-29,HR,Abuja,-5000.0,13382.51,6504.12,323578.38,140809.94,110421.06,-44898.3,,Vendor A,Paid
T1284,2025-02-14,Sales,Lagos,23770.74,7224.8,3071.08,31178.85,306918.61,-275739.76,46161.93,Acme Ltd,Vendor B,Paid
T1285,2026-03-29,Operations,Abuja,27620.71,9039.8,8486.98,97024.71,392279.43,-295254.72,-22154.64,Zenith,Vendor A,Cancelled
T1286,2026-06-04,Operations,Abuja,,17865.42,6117.32,118285.22,227343.02,25964.72,-6421.23,,Vendor B,Paid
T1287,2025-07-16,Finance,Abuja,,19975.53,6973.73,440946.01,126597.59,314348.42,34072.96,,Vendor B,Cancelled
T1288,2026-06-15,Sales,Port Harcourt,42501.68,3016.53,1766.45,54424.37,245094.04,-190669.67,37542.56,,Vendor A,Paid
T1289,2025-03-19,Operations,Port Harcourt,-5000.0,23466.48,8663.83,484226.82,145492.25,338734.57,-12864.29,Zenith,Vendor A,Paid
T1290,2025-03-15,HR,Port Harcourt,49555.03,28794.17,3745.78,493713.1,199082.69,294630.41,-42654.89,Acme Ltd,Vendor A,Pending
T1291,2025-07-03,Sales,Lagos,,11693.19,5787.08,135821.38,365956.86,-230135.48,34166.09,Globex,Vendor A,Cancelled
T1292,2025-06-03,HR,Abuja,,16500.7,6415.25,267286.72,296744.05,-29457.33000000002,-28235.5,Globex,Vendor B,Pending
T1293,2026-01-16,Finance,Lagos,32184.44,8477.17,302.54,326286.61,364861.16,-38574.54999999999,-4631.96,Globex,Vendor A,Paid
T1294,2026-04-03,Operations,Lagos,20654.74,9476.85,2905.27,16159.27,291506.79,63529.21,-35635.28,Acme Ltd,Vendor B,Pending
T1295,2025-10-11,Operations,Lagos,,12006.18,8715.54,363786.96,209250.38,154536.58,38442.81,,Vendor B,Pending
T1296,2025-11-01,Sales,Lagos,-5000.0,18366.38,4070.69,125689.73,16912.87,108776.86,-38716.9,,Vendor B,Paid
T1297,2025-12-27,HR,Lagos,11042.77,20276.5,6111.45,210383.38,376169.62,-165786.24,43035.44,,Vendor B,Cancelled
T1298,2026-01-25,Sales,Port Harcourt,,21110.36,3093.44,259000.22,251118.0,7882.220000000001,4976.38,Acme Ltd,Vendor A,Paid
T1299,2025-12-31,Finance,Port Harcourt,-5000.0,568.56,8484.36,369015.75,263000.16,106015.59,16119.33,,Vendor A,Cancelled
T1300,2025-05-18,Sales,Port Harcourt,-5000.0,1077.76,3756.25,149743.35,56864.13,92879.22,-17204.11,Globex,Vendor A,Paid
T1301,2025-12-25,Operations,Port Harcourt,-5000.0,2920.18,2555.64,477695.78,195333.68,282362.1,25894.1,Globex,Vendor A,Paid
T1302,2025-11-28,Operations,Lagos,-5000.0,20144.75,1159.22,135250.65,111256.24,23994.40999999999,11961.16,,Vendor B,Cancelled
T1303,2026-04-09,Sales,Port Harcourt,-5000.0,23813.42,6157.81,61843.05,84545.6,-22702.55,6074.36,,Vendor A,Cancelled
T1304,2025-10-01,Sales,Lagos,16209.59,23965.8,9472.88,410998.73,97307.97,313690.76,-48303.25,Globex,Vendor A,Paid
T1305,2026-02-28,Sales,Lagos,,13283.31,5283.2,262209.73,214890.46,47319.26999999999,-14591.59,Acme Ltd,Vendor A,Paid
T1306,2025-09-13,Sales,Port Harcourt,,1267.81,518.19,70872.41,71963.96,-1091.550000000003,21049.37,,Vendor A,Paid
T1307,2025-05-16,Operations,Lagos,,18850.72,6559.45,179974.3,9108.68,66759.33,-12444.05,Globex,Vendor B,Paid
T1308,2026-03-10,HR,Abuja,,22294.13,548.03,382590.08,49880.26,332709.82,-2377.79,Globex,Vendor A,Paid
T1005,2025-09-29,Sales,Lagos,,25376.33,1488.59,82517.37,53308.02,29209.35,5869.61,Zenith,Vendor A,Paid
T1310,2026-03-29,Sales,Abuja,10563.21,13843.21,8822.99,439668.99,165858.83,273810.16,47063.51,,Vendor A,Pending
T1311,2025-03-28,HR,Abuja,-5000.0,26479.61,6440.16,55648.37,245829.39,-190181.02,49188.97,,Vendor B,Paid
T1312,2025-09-21,HR,Lagos,47199.47,27281.9,6885.0,252810.57,381966.37,-129155.8,-2334.11,Globex,Vendor B,Paid
T1313,2025-08-27,Sales,Lagos,-5000.0,24530.84,6361.29,383311.07,28014.38,355296.69,18139.19,,Vendor A,Pending
T1314,2026-04-25,Operations,Lagos,45125.86,15686.12,2453.0,431416.88,57154.13,374262.75,23913.03,,Vendor B,Paid
T1315,2025-12-30,Finance,Port Harcourt,25093.04,14557.37,3913.73,99164.99,116312.75,-17147.75999999999,-689.94,Globex,Vendor B,Paid
T1316,2025-12-17,Sales,Abuja,,18118.9,6951.63,145577.99,270632.59,256505.79,-33228.74,,Vendor B,Paid
T1317,2026-06-08,Operations,Abuja,,1034.7,6168.2,225641.5,281790.86,-56149.35999999999,16363.76,Zenith,Vendor A,Cancelled
T1318,2025-08-26,Finance,Abuja,-5000.0,16241.85,7715.77,61687.52,239877.28,-178189.76,-35367.61,Acme Ltd,Vendor A,Pending
T1319,2025-10-11,Sales,Lagos,-5000.0,12406.82,9953.91,60376.41,120205.63,207906.78,2175.96,Acme Ltd,Vendor B,Paid
T1320,2025-06-10,HR,Abuja,46943.99,20617.62,4290.0,138577.58,307004.57,-168426.99,-27788.36,,Vendor B,Paid
T1321,2025-11-26,Operations,Lagos,-5000.0,1688.88,5258.21,442708.3,103101.18,339607.12,-39217.82,Zenith,Vendor A,Paid
T1322,2025-02-27,HR,Lagos,12244.5,9769.06,4805.66,215771.93,6385.24,209386.69,15120.94,Acme Ltd,Vendor B,Paid
T1323,2025-04-28,Sales,Port Harcourt,,23486.23,6041.1,122646.16,320354.43,-197708.27,-31995.93,Globex,Vendor B,Cancelled
T1324,2025-03-05,Sales,Lagos,,8438.31,1456.45,339066.7,80988.86,258077.84,49336.89,Globex,Vendor B,Pending
T1005,2026-03-17,Sales,Lagos,39806.44,28670.55,2442.05,443858.4,366063.97,77794.43000000005,3263.39,Globex,Vendor A,Paid
T1326,2025-10-29,Operations,Abuja,,25850.73,4707.68,352371.55,353962.27,-1590.72000000003,7905.15,Acme Ltd,Vendor B,Paid
T1327,2026-02-20,Operations,Port Harcourt,,2213.58,4848.66,323857.22,192348.34,131508.88,34950.22,Zenith,Vendor A,Pending
T1328,2025-04-25,HR,Lagos,,21653.67,3110.42,77692.92,129330.37,-51637.45,21882.0,Globex,Vendor A,Cancelled
T1329,2025-01-22,Sales,Lagos,,28951.5,1838.49,309920.03,321878.6,-11958.56999999995,-8466.23,Globex,Vendor A,Cancelled
T1330,2026-04-30,HR,Port Harcourt,,24871.14,351.35,461017.85,96132.6,364885.25,30099.85,Globex,Vendor B,Paid
T1331,2025-09-05,Finance,Port Harcourt,6628.16,1839.64,7355.96,371453.02,276584.91,94868.11000000004,-42283.57,,Vendor A,Cancelled
T1332,2025-10-19,Sales,Lagos,7166.05,8201.75,2022.07,436264.17,95245.26,341018.91,-35990.33,,Vendor B,Cancelled
T1333,2025-08-15,Sales,Port Harcourt,31801.13,24767.98,1129.02,378463.18,166563.87,211899.31,-42853.13,Zenith,Vendor A,Cancelled
T1334,2026-02-23,Operations,Port Harcourt,,21875.89,4421.63,192338.79,296904.6,-104565.81,45039.98,,Vendor B,Cancelled
T1335,2025-06-02,HR,Lagos,-5000.0,9508.01,5642.54,127876.02,21813.35,106062.67,-16581.56,Zenith,Vendor B,Paid
T1336,2026-04-22,Operations,Lagos,,8565.05,9740.14,300957.01,194895.41,106061.6,28958.43,,Vendor B,Cancelled
T1337,2026-06-09,Sales,Lagos,15414.76,5253.75,8130.06,200204.98,260476.12,-60271.13999999998,1416.89,Zenith,Vendor A,Cancelled
T1338,2025-11-10,HR,Lagos,,13963.2,1560.1,368145.26,275683.48,92461.78000000003,-24089.04,Globex,Vendor A,Paid
T1339,2025-04-12,Sales,Port Harcourt,22070.97,7851.36,7247.79,161770.7,313709.16,286679.5,44804.02,,Vendor B,Paid
T1340,2025-07-08,Sales,Lagos,,8319.38,7639.19,34740.11,220303.41,-185563.3,29033.47,Globex,Vendor B,Pending
T1341,2025-01-10,Operations,Abuja,,13399.68,1040.83,495223.77,295597.29,199626.48,-32780.88,Globex,Vendor A,Paid
T1342,2026-04-22,Finance,Abuja,49310.44,17733.4,1595.23,60176.45,12796.89,47379.56,13963.06,,Vendor B,Paid
T1343,2025-01-28,Sales,Abuja,5416.48,16932.59,5092.61,104672.63,326996.35,-222323.72,28669.88,Globex,Vendor B,Paid
T1344,2025-05-03,Operations,Lagos,,1550.73,9403.57,182877.92,25446.54,157431.38,12958.67,Zenith,Vendor A,Cancelled
T1345,2026-04-19,Sales,Lagos,,18237.67,9150.07,423087.44,232737.33,190350.11,33739.38,,Vendor B,Cancelled
T1346,2026-06-02,Sales,Port Harcourt,,22206.54,5057.19,253475.63,375016.32,-121540.69,49469.1,Zenith,Vendor B,Pending
T1347,2026-01-21,Sales,Port Harcourt,,5479.64,2495.15,44352.02,202176.79,-157824.77,-28853.32,Zenith,Vendor A,Pending
T1348,2025-11-26,HR,Abuja,-5000.0,20431.65,4874.25,353251.42,315393.37,37858.04999999999,-1416.97,Acme Ltd,Vendor A,Paid
T1349,2025-01-27,Sales,Port Harcourt,32336.22,5930.69,4097.52,247807.08,141758.0,106049.08,5047.24,Acme Ltd,Vendor A,Paid
T1350,2025-10-07,Operations,Lagos,-5000.0,4836.67,9607.71,125776.78,326381.73,-200604.95,28193.43,Globex,Vendor A,Cancelled
T1351,2025-04-16,Finance,Lagos,-5000.0,28000.07,2337.56,375717.36,244966.75,130750.61,-20589.86,Zenith,Vendor B,Cancelled
T1352,2025-07-28,Operations,Lagos,-5000.0,18702.64,9117.38,36729.64,274607.28,-237877.64,42803.11,,Vendor B,Paid
T1353,2025-06-14,Sales,Lagos,-5000.0,11959.13,4828.48,285615.69,77582.08,208033.61,-30963.93,,Vendor B,Paid
T1354,2025-10-25,Operations,Abuja,2089.19,19682.61,2033.04,249851.98,78593.27,171258.71,-31055.75,Zenith,Vendor A,Cancelled
T1355,2025-02-13,Operations,Port Harcourt,30334.4,26347.77,5706.44,463439.21,199519.3,263919.91,-8462.6,,Vendor A,Paid
T1356,2025-01-27,Sales,Lagos,,13129.15,8949.98,200993.48,257857.32,-56863.84,29271.84,Globex,Vendor A,Paid
T1005,2026-03-30,Sales,Lagos,-5000.0,2011.29,9021.15,317442.12,376472.27,-59030.15000000002,-3172.68,,Vendor A,Pending
T1358,2026-06-19,Sales,Lagos,18502.64,7692.72,9953.93,490260.64,156751.79,82690.11,26991.64,Globex,Vendor B,Paid
T1359,2025-12-21,Sales,Port Harcourt,,26660.9,5106.59,394547.35,290237.43,104309.92,-4180.62,Globex,Vendor A,Cancelled
T1360,2025-11-07,Sales,Abuja,-5000.0,14877.58,2208.1,152442.96,117668.64,145067.85,-8772.62,,Vendor B,Pending
T1005,2025-12-11,Operations,Lagos,,21173.27,2898.19,190509.49,46825.92,143683.57,17707.38,,Vendor B,Paid
T1362,2026-04-21,Sales,Port Harcourt,-5000.0,20431.82,8204.37,107775.45,314696.19,-206920.74,36658.42,Globex,Vendor B,Paid
T1363,2025-09-11,Sales,Lagos,17958.98,28065.13,7823.3,119234.25,134869.17,-15634.92000000001,9686.18,Acme Ltd,Vendor B,Paid
T1364,2026-02-21,Operations,Lagos,45323.22,9417.71,7117.57,299613.54,92629.16,206984.38,-9158.97,Zenith,Vendor A,Paid
T1365,2026-02-18,HR,Lagos,29412.87,7975.81,6239.18,115661.44,119680.35,-4018.910000000003,37175.53,Acme Ltd,Vendor B,Paid
T1366,2026-02-17,Finance,Lagos,46003.81,23944.41,2144.65,178579.96,6696.48,171883.48,23466.14,Zenith,Vendor A,Paid
T1367,2026-02-10,Finance,Lagos,-5000.0,10842.58,5011.66,158473.48,230902.24,27988.67,-13858.88,,Vendor B,Paid
T1368,2026-03-25,Operations,Abuja,36094.67,12436.5,6353.0,294080.32,274806.72,19273.60000000003,12217.61,Globex,Vendor B,Cancelled
T1369,2025-09-16,HR,Port Harcourt,-5000.0,21002.73,1297.1,196554.81,133267.23,63287.57999999999,19448.54,,Vendor A,Cancelled
T1370,2025-02-24,Sales,Lagos,11524.59,2057.95,9303.33,324609.27,10078.46,314530.81,30636.19,Acme Ltd,Vendor A,Paid
T1371,2025-06-07,Sales,Lagos,-5000.0,5351.56,8034.76,245152.78,281459.07,181861.17,33190.58,Globex,Vendor A,Paid
T1372,2026-04-13,HR,Abuja,-5000.0,20216.78,7691.09,417485.5,382826.64,34658.85999999999,17498.33,Zenith,Vendor A,Cancelled
T1373,2025-08-07,Sales,Port Harcourt,-5000.0,19261.49,9087.93,418635.12,195639.63,222995.49,-18678.0,,Vendor B,Paid
T1374,2025-07-17,HR,Lagos,,22377.14,3520.28,377926.59,399703.84,-21777.25,39738.25,Zenith,Vendor B,Cancelled
T1375,2025-03-29,Operations,Lagos,,7511.53,7961.13,183460.09,388261.29,-204801.2,-16995.36,,Vendor A,Pending
T1376,2025-09-22,Operations,Port Harcourt,,8400.31,4270.61,269437.42,333230.7,-63793.28000000003,37470.21,Zenith,Vendor A,Paid
T1377,2025-07-24,Finance,Lagos,17773.43,5361.19,5122.95,89380.45,145245.04,-55864.59000000001,-39171.97,,Vendor B,Paid
T1378,2025-11-17,Sales,Abuja,38741.03,9028.59,832.93,451454.99,379978.19,10487.35,32680.06,Zenith,Vendor A,Paid
T1379,2026-05-01,Finance,Lagos,,15593.39,3244.89,305862.78,214481.84,91380.94000000003,-35107.4,Acme Ltd,Vendor B,Pending
T1380,2025-08-23,Operations,Lagos,,14824.2,5745.95,495758.4,358146.47,137611.9300000001,33536.19,Globex,Vendor B,Cancelled
T1381,2025-08-31,Sales,Port Harcourt,,21477.01,5953.38,372647.99,219803.15,152844.84,33957.78,Globex,Vendor B,Cancelled
T1382,2026-04-25,Finance,Lagos,,1027.03,7711.11,285533.59,369759.0,-84225.40999999997,-38732.68,Globex,Vendor B,Pending
T1383,2025-10-04,Operations,Port Harcourt,-5000.0,1828.18,4856.15,94536.91,304066.2,-209529.29,-2644.48,Zenith,Vendor B,Paid
T1384,2025-08-21,Sales,Abuja,,15724.56,3345.17,245845.86,359307.05,-113461.19,-2490.87,,Vendor A,Pending
T1385,2025-12-28,Sales,Port Harcourt,,24018.63,8702.72,302544.89,156537.81,146007.08,17034.06,Globex,Vendor A,Paid
T1386,2026-04-02,Finance,Lagos,4447.71,27570.49,8024.18,197860.03,47701.24,99670.72,-23077.94,,Vendor B,Pending
T1387,2025-02-24,Sales,Abuja,34917.44,15185.77,6609.23,105284.55,236597.54,-131312.99,-27480.35,Acme Ltd,Vendor A,Cancelled
T1388,2025-12-09,Sales,Lagos,-5000.0,9954.89,850.36,225088.9,226066.48,-977.5800000000163,-22458.97,,Vendor B,Paid
T1389,2025-10-02,HR,Lagos,,4041.02,3528.59,77146.01,180138.88,46600.19,8513.3,,Vendor A,Paid
T1390,2025-01-15,Sales,Abuja,,29751.13,7889.03,183658.66,322556.01,150269.58,-18007.88,,Vendor A,Paid
T1391,2025-12-02,Operations,Port Harcourt,-5000.0,5701.17,6217.79,471653.94,29472.38,442181.56,19901.48,,Vendor B,Pending
T1392,2025-07-30,Operations,Port Harcourt,5348.33,14625.13,792.05,284865.89,229588.99,55276.90000000002,-45931.83,Globex,Vendor A,Paid
T1393,2025-10-23,Sales,Port Harcourt,-5000.0,7638.77,819.29,133139.56,256190.18,-123050.62,-33441.12,Globex,Vendor A,Paid
T1394,2026-05-27,Operations,Port Harcourt,44273.6,12712.65,1213.82,436254.52,283537.43,152717.09,-24928.75,Globex,Vendor B,Paid
T1395,2025-09-07,Operations,Lagos,17010.65,28673.64,4857.12,411697.63,252904.57,158793.06,41059.2,Zenith,Vendor A,Cancelled
T1396,2026-03-20,Sales,Lagos,-5000.0,8808.09,2985.46,274098.54,84030.43,190068.11,-12265.38,,Vendor B,Pending
T1005,2025-01-23,Sales,Lagos,34029.98,14082.02,1259.4,219210.29,393426.75,-174216.46,14333.58,,Vendor A,Paid
T1398,2025-09-09,Operations,Abuja,-5000.0,4418.84,3667.17,58831.69,80817.95,-21986.25999999999,10399.82,Zenith,Vendor B,Paid
T1399,2025-12-04,Finance,Lagos,,9577.05,1614.49,383382.68,127130.36,256252.32,28756.62,,Vendor B,Paid
T1400,2025-06-26,HR,Lagos,,14946.39,6140.02,372862.36,283899.88,88962.47999999998,39810.58,Globex,Vendor B,Pending
T1401,2025-08-30,Sales,Port Harcourt,,9147.72,4481.62,71785.73,52949.87,18835.85999999999,15422.72,,Vendor B,Pending
T1402,2026-05-04,HR,Port Harcourt,,23209.85,9870.67,234845.85,183502.33,51343.52000000002,-26970.53,Globex,Vendor B,Cancelled
T1403,2025-08-08,Sales,Abuja,-5000.0,16430.12,3731.25,331708.73,100834.27,230874.46,10949.22,Globex,Vendor B,Cancelled
T1404,2025-09-08,Sales,Lagos,-5000.0,24214.42,976.65,328967.92,252935.03,76032.88999999998,-38204.36,Globex,Vendor B,Pending
T1405,2026-03-03,Finance,Abuja,-5000.0,17365.69,8976.13,344891.33,369770.19,-24878.85999999999,-32321.23,,Vendor A,Paid
T1406,2026-04-29,Sales,Lagos,16241.77,23809.79,3879.3,125533.88,116677.15,8856.73000000001,22770.64,,Vendor A,Paid
T1407,2025-05-10,Finance,Port Harcourt,-5000.0,19946.43,2611.59,358801.1,30372.27,328428.83,15268.2,Globex,Vendor A,Paid
T1408,2025-03-30,Sales,Abuja,,15339.96,4315.28,328992.34,330263.95,-1271.609999999986,-44832.86,Globex,Vendor A,Pending
T1409,2025-09-19,HR,Port Harcourt,,9125.86,4252.33,311859.31,346265.61,-34406.29999999999,47341.3,Zenith,Vendor A,Paid
T1410,2025-03-19,HR,Lagos,7517.89,5311.74,4979.0,110638.84,285274.12,-174635.28,-644.78,,Vendor B,Cancelled
T1411,2026-04-14,Sales,Port Harcourt,,29458.09,8903.64,17849.84,282315.84,-264466.0,-16983.9,,Vendor B,Paid
T1412,2026-03-23,Sales,Lagos,-5000.0,16905.38,4258.07,141364.63,150604.06,-9239.429999999993,-668.41,,Vendor B,Paid
T1413,2026-02-18,Sales,Port Harcourt,-5000.0,15590.48,1578.09,489688.72,104644.03,385044.6899999999,-18091.4,Acme Ltd,Vendor B,Pending
T1414,2026-05-06,Finance,Lagos,,13496.54,732.25,299459.31,220170.21,79289.1,-23525.74,Zenith,Vendor B,Cancelled
T1415,2026-02-22,Finance,Lagos,-5000.0,15618.63,9455.42,132931.1,29841.9,103089.2,37453.23,,Vendor A,Pending
T1416,2025-08-02,Operations,Port Harcourt,-5000.0,20988.54,7484.06,449421.33,209305.89,240115.44,-17363.47,,Vendor B,Pending
T1417,2025-05-09,Finance,Lagos,,709.34,4273.28,383986.88,295300.54,88686.34000000003,-13867.74,Globex,Vendor B,Paid
T1418,2026-05-10,Finance,Lagos,-5000.0,661.02,7288.99,337456.9,56328.37,281128.53,37994.67,,Vendor A,Paid
T1419,2025-10-16,Finance,Abuja,,4216.78,2148.52,113811.84,165993.48,106955.94,43815.44,Acme Ltd,Vendor B,Paid
T1420,2026-06-05,Sales,Port Harcourt,-5000.0,26142.05,817.68,262074.94,312930.76,-50855.82000000001,-16224.31,Globex,Vendor A,Paid
T1421,2025-06-13,HR,Abuja,41423.42,12931.95,4243.74,406344.87,246006.44,160338.43,-38953.74,,Vendor A,Cancelled
T1422,2025-03-17,Sales,Port Harcourt,,7804.3,7922.3,409965.71,399300.79,10664.92000000004,-32457.78,,Vendor B,Paid
T1423,2025-06-10,Finance,Port Harcourt,38991.91,6302.94,4037.13,70733.53,310755.52,-240021.99,-4192.4,Globex,Vendor B,Paid
T1424,2025-08-07,Operations,Lagos,39956.01,23660.44,3766.11,239386.27,87607.64,151778.63,39417.17,Acme Ltd,Vendor B,Paid
T1425,2026-01-10,Sales,Port Harcourt,32289.41,11778.36,2402.71,322718.16,282473.09,40245.06999999995,26951.16,Acme Ltd,Vendor A,Pending
T1426,2025-05-06,Sales,Lagos,,12215.75,5583.99,117809.05,15388.93,102420.12,-9807.29,Zenith,Vendor B,Cancelled
T1427,2025-11-13,Operations,Port Harcourt,,23072.89,3033.95,299960.64,58763.38,241197.26,-42096.48,,Vendor B,Paid
T1428,2025-03-18,HR,Lagos,-5000.0,7548.36,651.3,373363.8,24252.65,349111.15,-31695.72,Acme Ltd,Vendor B,Pending
T1429,2025-05-10,Sales,Lagos,46491.46,15459.56,2978.49,339963.38,264325.52,75637.85999999999,44789.72,,Vendor A,Paid
T1430,2026-05-23,HR,Abuja,11073.55,2337.81,1987.4,241485.89,197156.57,44329.32000000001,44726.28,,Vendor B,Paid
T1431,2026-03-28,Operations,Lagos,29327.6,12609.75,6991.52,414670.39,399857.91,14812.48000000004,45220.5,Globex,Vendor B,Cancelled
T1432,2025-04-09,Finance,Abuja,,2321.41,4807.75,238792.69,67459.5,171333.19,14535.54,Globex,Vendor B,Cancelled
T1433,2026-06-17,Operations,Lagos,,16894.18,7302.52,250774.71,48738.21,202036.5,39721.02,Globex,Vendor B,Paid
T1434,2025-08-16,Sales,Port Harcourt,2421.16,6699.41,2879.31,410575.65,150819.45,259756.2,2474.53,,Vendor A,Paid
T1435,2026-02-24,Operations,Abuja,6589.45,22857.24,4000.08,324687.62,369533.49,-44845.87,36787.53,Zenith,Vendor B,Paid
T1436,2025-08-11,Sales,Lagos,,29841.24,2423.85,233378.31,10658.43,222719.88,19951.29,,Vendor A,Paid
T1437,2025-01-14,Operations,Lagos,47317.71,7077.3,5496.56,476284.33,246331.16,229953.17,-33139.24,,Vendor A,Paid
T1438,2025-12-24,Finance,Lagos,,26647.06,9375.57,452759.45,119661.89,333097.56,-10032.58,Zenith,Vendor A,Paid
T1439,2025-11-03,Sales,Port Harcourt,-5000.0,5985.81,4935.16,286319.01,228803.68,57515.33000000002,44147.69,Zenith,Vendor A,Cancelled
T1440,2026-02-09,Operations,Lagos,49939.46,18300.09,7345.01,477899.82,229779.31,248120.51,27540.59,Acme Ltd,Vendor A,Paid
T1441,2025-01-24,Sales,Lagos,31063.49,2243.26,7022.9,330178.92,289665.16,96813.76,-12596.22,,Vendor A,Paid
T1442,2026-01-21,HR,Lagos,-5000.0,8500.55,5536.1,199653.6,9486.53,190167.07,-27131.12,Zenith,Vendor B,Pending
T1443,2025-08-07,Sales,Abuja,-5000.0,2378.43,1462.86,162579.9,143139.4,19440.5,15781.46,Zenith,Vendor B,Paid
T1444,2025-04-02,Sales,Lagos,15505.72,14725.16,921.8,201808.29,251756.9,-49948.60999999999,25981.69,Zenith,Vendor A,Paid
T1445,2026-05-10,HR,Lagos,-5000.0,21201.83,6459.57,83174.29,195168.3,-111994.01,-9356.01,Acme Ltd,Vendor B,Cancelled
T1446,2026-06-25,Finance,Lagos,,27097.91,6273.58,29917.55,305912.89,-275995.34,-45473.73,Acme Ltd,Vendor B,Paid
T1447,2026-04-07,Sales,Lagos,9309.36,625.4,4789.31,419616.35,222912.57,196703.78,-36092.85,,Vendor A,Paid
T1448,2025-01-19,Sales,Lagos,,28298.55,7639.03,99669.21,179445.04,-79775.83,-4197.71,Acme Ltd,Vendor A,Cancelled
T1449,2025-08-04,Sales,Abuja,,2532.64,3329.54,372757.48,260514.16,112243.32,-48193.05,Zenith,Vendor A,Cancelled
T1450,2025-01-13,HR,Port Harcourt,,16463.84,9542.27,337519.68,317805.14,19714.53999999998,-43168.75,Zenith,Vendor B,Paid
T1451,2026-05-19,Operations,Port Harcourt,44523.5,20176.67,8806.83,192460.3,200342.45,-7882.150000000023,35700.57,,Vendor A,Paid
T1452,2026-04-07,Operations,Lagos,-5000.0,29781.56,4605.16,44924.75,100763.85,-55839.10000000001,21285.04,Zenith,Vendor A,Paid
T1453,2025-09-10,Sales,Abuja,-5000.0,10125.6,5891.7,292246.42,48186.68,158579.49,-4101.27,Zenith,Vendor B,Cancelled
T1454,2026-05-27,Sales,Lagos,-5000.0,28340.17,3533.76,295129.4,48848.9,246280.5,18257.67,,Vendor B,Pending
T1455,2025-06-19,Operations,Abuja,38488.2,11275.1,5431.9,449063.43,117019.06,332044.37,-9796.65,Acme Ltd,Vendor B,Cancelled
T1456,2025-10-31,HR,Lagos,-5000.0,21304.59,3953.03,412969.96,108638.39,304331.57,-9615.7,,Vendor B,Pending
T1457,2026-01-19,Operations,Lagos,32052.23,12044.94,1930.1,92237.55,337856.5,-245618.95,20762.16,,Vendor A,Paid
T1458,2025-12-04,Sales,Abuja,-5000.0,2122.62,9188.9,14155.73,222516.36,-208360.63,33045.16,Globex,Vendor A,Paid
T1459,2025-01-19,Sales,Abuja,,14608.97,8065.1,499393.84,122866.42,376527.42,-36173.93,Globex,Vendor B,Cancelled
T1460,2026-04-27,Sales,Lagos,-5000.0,27410.39,8690.22,89672.92,146826.91,-57153.99000000001,-13853.03,Zenith,Vendor B,Paid
T1461,2025-06-07,Sales,Port Harcourt,16008.6,2822.99,953.14,302526.43,5881.93,296644.5,8379.5,Globex,Vendor B,Paid
T1462,2025-03-30,HR,Lagos,47192.68,2063.69,3678.94,483097.21,170638.56,312458.65,-32427.43,Acme Ltd,Vendor B,Paid
T1463,2025-08-07,Sales,Abuja,-5000.0,25389.43,3046.93,327709.63,186190.15,141519.48,9415.2,Globex,Vendor A,Cancelled
T1464,2025-12-08,Sales,Lagos,-5000.0,27385.28,671.5,233451.13,301036.6,-67585.46999999997,2027.06,,Vendor A,Pending
T1465,2026-02-19,Sales,Abuja,,23372.43,6220.57,493560.35,182907.9,310652.45,-17789.91,Acme Ltd,Vendor A,Pending
T1466,2026-05-02,Sales,Lagos,33711.67,3751.39,6698.22,388692.39,310517.75,78174.64000000001,-8931.56,,Vendor A,Cancelled
T1467,2025-04-06,Finance,Abuja,,2384.02,8498.85,151881.59,183045.05,-31163.45999999999,43508.78,Globex,Vendor A,Paid
T1468,2025-07-29,Operations,Port Harcourt,12233.31,4037.57,7185.76,121856.77,345860.94,-224004.17,-10382.88,,Vendor B,Paid
T1469,2026-04-18,Operations,Lagos,-5000.0,7909.36,7604.11,398086.19,234223.91,163862.28,-35362.21,Acme Ltd,Vendor B,Paid
T1470,2025-05-26,Sales,Lagos,,6185.09,1088.3,32534.16,163270.67,-130736.51,-8747.17,Acme Ltd,Vendor B,Paid
T1471,2025-07-06,Sales,Abuja,4488.47,4737.89,1280.58,42641.18,260765.93,-218124.75,-40335.14,,Vendor A,Paid
T1472,2025-12-12,Sales,Lagos,10806.15,4783.46,9241.57,154690.62,62188.52,92502.1,9411.11,,Vendor A,Pending
T1473,2026-04-01,Operations,Lagos,-5000.0,28783.54,8795.42,474980.08,346986.66,127993.42,30370.7,,Vendor A,Paid
T1474,2025-03-27,Sales,Lagos,38375.22,27933.77,9877.45,484129.02,139166.47,344962.55,-35950.24,Globex,Vendor A,Pending
T1475,2026-02-02,Operations,Lagos,,2740.7,649.71,41757.41,327072.19,-285314.78,-17732.29,,Vendor A,Paid
T1005,2025-09-30,Operations,Lagos,-5000.0,29298.85,1997.18,196091.78,183866.81,12224.97,6184.37,Acme Ltd,Vendor B,Paid
T1477,2025-07-11,Operations,Abuja,10062.27,4587.88,5201.53,495674.26,113338.11,382336.15,-43673.6,Globex,Vendor A,Paid
T1478,2025-01-19,Finance,Abuja,33504.52,26443.65,402.52,242258.79,270551.75,-28292.95999999999,-44809.03,Acme Ltd,Vendor A,Paid
T1479,2025-08-19,Operations,Abuja,,28665.07,1298.47,245402.4,290878.16,-45475.75999999998,-47960.93,,Vendor B,Cancelled
T1480,2026-03-17,Sales,Abuja,7440.2,12008.36,8553.38,299038.92,192375.06,106663.86,1195.92,Zenith,Vendor A,Cancelled
T1481,2026-06-10,Sales,Lagos,-5000.0,5042.18,7395.78,338906.88,158772.33,180134.55,5132.79,Zenith,Vendor B,Paid
T1482,2025-11-02,Sales,Lagos,,13831.48,9296.15,418454.89,57351.97,361102.92,-9310.61,Zenith,Vendor B,Paid
T1483,2025-03-16,Sales,Lagos,28143.44,27510.02,7835.98,369872.27,74850.73,295021.54,29130.36,Zenith,Vendor B,Pending
T1484,2025-02-09,Sales,Lagos,-5000.0,18347.52,7019.19,391300.73,323708.19,67592.53999999998,-18858.82,Acme Ltd,Vendor A,Cancelled
T1485,2026-04-13,Operations,Abuja,-5000.0,3741.22,6889.74,187811.34,320357.23,-132545.89,4825.06,Globex,Vendor B,Cancelled
T1486,2025-07-09,Operations,Lagos,25105.41,5221.98,5334.6,408293.05,163919.67,244373.38,-43346.36,Zenith,Vendor B,Paid
T1487,2025-12-15,Sales,Abuja,,17663.56,3904.84,386952.11,278227.84,108724.27,44990.12,Globex,Vendor B,Paid
T1488,2025-05-02,HR,Port Harcourt,46214.01,14372.53,4058.62,366042.83,255177.2,110865.63,4407.4,Globex,Vendor B,Pending
T1489,2025-10-27,Sales,Port Harcourt,,5009.78,7005.64,372493.02,270356.82,102136.2,-42249.31,Acme Ltd,Vendor A,Pending
T1490,2026-02-15,Operations,Abuja,-5000.0,8239.78,4217.59,267061.41,288298.84,291598.45,-6663.37,Globex,Vendor B,Paid
T1491,2026-04-28,Sales,Port Harcourt,-5000.0,20586.16,3194.81,372737.71,309237.71,63500.0,864.67,,Vendor A,Paid
T1492,2026-04-16,Operations,Abuja,44018.56,7317.12,204.77,50605.52,22627.21,27978.31,28488.47,,Vendor B,Paid
T1493,2025-09-24,Sales,Lagos,-5000.0,28513.44,6928.46,137484.93,49983.62,87501.31,4710.8,,Vendor A,Paid
T1494,2025-10-06,Operations,Lagos,-5000.0,25854.78,6170.67,468852.26,130638.43,338213.83,-11878.72,Zenith,Vendor A,Paid
T1495,2025-05-02,Sales,Abuja,47730.43,29793.18,378.83,178089.04,307369.01,-129279.97,-41871.17,Zenith,Vendor A,Paid
T1496,2026-05-26,Sales,Lagos,,10771.81,5748.28,26205.41,87153.65,-60948.23999999999,42601.09,,Vendor B,Paid
T1497,2025-03-20,Sales,Lagos,8666.92,6241.05,2236.2,42742.87,293655.91,-250913.04,42878.63,Acme Ltd,Vendor B,Cancelled
T1498,2026-01-10,Sales,Lagos,,8223.84,6489.64,321911.34,205514.86,116396.48,-37358.48,Acme Ltd,Vendor B,Paid
T1005,2025-06-24,Sales,Lagos,,15760.73,5491.81,154331.31,105969.01,-6826.55,-34115.05,,Vendor A,Cancelled
T1500,2025-02-21,Sales,Lagos,35127.42,17742.55,2067.23,366475.43,57789.38,308686.05,-39323.67,Acme Ltd,Vendor B,Paid
T1501,2025-11-16,Sales,Lagos,13421.6,12749.11,4614.02,49985.56,310932.33,-260946.77,-32783.94,Acme Ltd,Vendor B,Pending
T1502,2025-07-12,Operations,Port Harcourt,9647.9,6816.96,5560.8,159053.97,5322.48,153731.49,-32237.71,,Vendor A,Paid
T1503,2025-07-10,Finance,Port Harcourt,32125.64,29771.17,597.67,141604.6,73587.71,68016.89,-17285.28,Zenith,Vendor A,Cancelled
T1504,2026-01-20,Sales,Lagos,12683.43,4933.27,2732.32,277308.2,172368.7,104939.5,26900.34,Zenith,Vendor A,Pending
T1505,2025-09-30,HR,Lagos,30553.71,25076.19,2317.61,153171.7,202831.58,-49659.87999999998,31355.84,Globex,Vendor B,Cancelled
T1506,2025-03-10,Operations,Abuja,49389.08,4394.32,6207.79,465393.59,11926.4,205400.89,-47775.77,,Vendor B,Paid
T1507,2026-04-21,Operations,Abuja,5564.89,16536.5,3252.44,284132.41,101524.43,209.33,-6329.28,Globex,Vendor A,Cancelled
T1508,2026-01-31,Finance,Port Harcourt,-5000.0,29071.91,378.92,236407.8,266203.23,-29795.42999999999,-47952.85,,Vendor A,Paid
T1509,2026-02-23,Sales,Lagos,,21586.54,1054.0,416730.94,119786.91,137683.25,42280.67,Globex,Vendor A,Pending
T1510,2025-03-26,HR,Abuja,11916.36,11825.41,5227.89,406238.06,81727.36,324510.7,46141.75,Acme Ltd,Vendor A,Pending
T1511,2026-03-30,Sales,Abuja,,28784.08,4264.85,285726.32,312890.07,-27163.75,28139.44,,Vendor B,Paid
T1512,2025-04-28,Sales,Port Harcourt,-5000.0,12444.62,5207.48,336755.89,366248.66,-29492.76999999996,29161.0,Zenith,Vendor B,Paid
T1513,2025-08-08,Operations,Port Harcourt,18072.24,12415.34,9520.23,252882.78,223482.63,29400.14999999999,-24629.59,,Vendor B,Paid
T1514,2025-02-28,Sales,Abuja,48555.75,13049.54,9604.03,347040.29,92421.03,254619.26,42822.76,,Vendor B,Paid
T1515,2026-05-23,Sales,Abuja,-5000.0,3702.25,9204.4,285840.1,214784.41,12584.56,26637.08,,Vendor B,Paid
T1516,2025-07-26,Sales,Port Harcourt,,13701.68,8490.88,182906.77,237139.28,49049.86,-15962.7,,Vendor A,Paid
T1517,2025-11-25,HR,Lagos,45963.15,10539.71,1601.49,432843.58,172557.51,260286.07,36499.89,Acme Ltd,Vendor A,Paid
T1518,2025-08-15,Operations,Lagos,34805.6,29559.86,9558.57,204021.3,309735.55,-105714.25,6295.06,Zenith,Vendor A,Pending
T1519,2025-10-06,Finance,Lagos,-5000.0,9885.34,9195.72,469139.76,27230.25,441909.51,-25287.36,,Vendor A,Paid
T1520,2025-10-01,HR,Lagos,-5000.0,17653.68,2083.19,177727.29,186123.86,-8396.569999999978,49850.42,Acme Ltd,Vendor B,Paid
T1521,2025-08-13,HR,Abuja,8296.05,28277.82,9807.78,312512.2,255015.63,57496.57000000001,-33835.45,,Vendor A,Paid
T1522,2026-03-27,Sales,Lagos,,10141.05,4097.02,122270.55,8499.73,113770.82,-36864.8,Acme Ltd,Vendor A,Cancelled
T1523,2025-01-14,Sales,Lagos,-5000.0,27112.58,1943.24,471578.09,232526.44,239051.65,36453.51,Globex,Vendor B,Paid
T1524,2025-10-06,Finance,Lagos,-5000.0,8699.95,1852.84,265764.07,93577.01,172187.06,46161.51,,Vendor A,Cancelled
T1525,2025-10-03,Operations,Lagos,32402.68,4179.44,3007.79,291183.87,11362.51,279821.36,3707.03,Globex,Vendor B,Paid
T1526,2025-05-26,Operations,Abuja,,11257.65,6972.28,387800.09,127147.94,260652.15,-30738.58,Zenith,Vendor A,Pending
T1527,2026-03-26,Operations,Lagos,-5000.0,5948.95,674.39,467142.35,294973.13,172169.22,18369.5,,Vendor A,Paid
T1528,2025-09-29,Operations,Port Harcourt,42684.36,7865.68,2551.03,37676.75,84284.36,-46607.61,-15100.83,Zenith,Vendor A,Paid
T1529,2025-09-08,Operations,Lagos,-5000.0,12858.43,1314.15,336893.64,177860.18,159033.46,-2417.21,Zenith,Vendor B,Paid
T1530,2026-03-25,Finance,Lagos,-5000.0,11475.74,9082.94,218246.99,237298.05,-19051.06,21463.53,Globex,Vendor B,Paid
T1531,2025-05-23,Sales,Abuja,,27608.62,8859.22,45482.75,319144.42,-273661.67,-5279.52,Zenith,Vendor B,Paid
T1532,2025-06-26,Sales,Abuja,20538.04,2547.69,9609.86,351745.92,21874.39,158219.98,-477.35,Acme Ltd,Vendor A,Pending
T1533,2026-03-10,Sales,Lagos,-5000.0,11139.36,6246.41,146593.75,251291.96,-104698.21,-353.55,Globex,Vendor B,Paid
T1534,2025-03-31,Operations,Abuja,,14123.72,2304.15,181453.81,285306.22,-103852.41,34713.69,,Vendor A,Cancelled
T1535,2025-11-23,Sales,Port Harcourt,41028.07,20115.6,5992.15,129010.87,132207.78,-3196.910000000003,-46852.98,,Vendor A,Cancelled
T1536,2025-12-07,Finance,Abuja,,9693.38,4035.37,134550.81,200591.91,-66041.1,-31881.53,,Vendor B,Pending
T1537,2026-04-28,Sales,Abuja,,25745.83,3210.82,388987.02,23383.6,365603.42,-12016.0,Zenith,Vendor A,Paid
T1538,2026-02-28,Sales,Lagos,-5000.0,1972.52,1156.09,373645.82,10397.72,363248.1,19530.1,Globex,Vendor A,Cancelled
T1539,2026-02-12,Sales,Lagos,38380.43,3851.4,8752.52,156348.77,46401.18,109947.59,8603.97,Acme Ltd,Vendor B,Paid
T1540,2025-12-24,Sales,Port Harcourt,,29221.08,7976.26,149551.92,142854.59,199744.54,20953.81,,Vendor B,Paid
T1541,2025-07-30,Sales,Abuja,-5000.0,14623.14,3876.12,488083.14,310807.23,177275.91,5201.41,,Vendor B,Paid
T1542,2025-02-11,Finance,Lagos,45036.1,8456.95,2299.62,138384.91,26694.71,111690.2,33429.83,Globex,Vendor A,Paid
T1543,2025-06-10,Operations,Abuja,-5000.0,11378.86,569.61,255933.68,201636.57,54297.10999999999,-31237.53,Zenith,Vendor B,Cancelled
T1544,2025-11-10,Operations,Lagos,,28784.45,1221.3,380839.63,382690.78,263373.42,-46965.34,Acme Ltd,Vendor B,Paid
T1545,2026-04-27,Sales,Lagos,,17344.09,7074.17,20043.63,66906.05,-46862.42,47633.93,Zenith,Vendor B,Pending
T1546,2026-05-28,Sales,Port Harcourt,,4644.6,9989.68,250124.24,102178.97,147945.27,29119.85,Acme Ltd,Vendor B,Paid
T1547,2025-08-29,Sales,Lagos,2598.13,12920.32,746.89,248942.19,358377.16,-109434.97,30981.88,,Vendor A,Pending
T1548,2025-04-15,Sales,Lagos,3539.56,22115.38,8889.12,467854.46,174634.62,293219.84,6664.56,Globex,Vendor A,Cancelled
T1549,2025-04-15,Operations,Lagos,,5989.31,8613.46,308943.16,256162.55,52780.60999999999,-48089.82,Acme Ltd,Vendor B,Paid
T1550,2025-12-23,Finance,Port Harcourt,,4435.08,8233.57,364930.79,201945.1,162985.69,-23076.67,Acme Ltd,Vendor B,Paid
T1551,2025-12-25,Finance,Lagos,5346.24,29997.61,9586.22,384446.69,179417.83,205028.86,-11116.53,,Vendor A,Pending
T1552,2026-01-14,HR,Lagos,43123.4,25110.49,2999.84,312918.91,363368.92,-50450.01000000001,5780.23,,Vendor B,Pending
T1553,2026-02-14,HR,Abuja,-5000.0,3106.88,3738.8,68779.02,252440.72,117857.7,26074.34,Acme Ltd,Vendor A,Paid
T1554,2026-04-10,Operations,Lagos,-5000.0,22063.17,7261.48,472111.89,16076.1,456035.79,-488.53,,Vendor B,Paid
T1555,2026-01-12,Operations,Lagos,-5000.0,11266.61,6615.35,338557.96,105148.86,233409.1,32326.71,,Vendor B,Pending
T1556,2026-06-17,Sales,Abuja,,6538.38,2156.06,440428.56,225735.05,53060.92,-40059.1,Globex,Vendor A,Paid
T1557,2025-12-26,Operations,Port Harcourt,44530.51,27245.22,9765.86,437093.98,300282.68,136811.3,8742.9,,Vendor B,Paid
T1558,2025-10-17,Finance,Abuja,,15426.81,6583.66,411984.19,365142.12,46842.07000000001,37083.01,Globex,Vendor B,Cancelled
T1559,2025-02-12,Operations,Lagos,,17548.6,2921.78,492727.04,103359.37,389367.67,-45108.08,Acme Ltd,Vendor A,Paid
T1560,2025-02-12,HR,Lagos,,21377.24,9095.11,294812.04,127398.19,11784.92,10366.24,Acme Ltd,Vendor B,Cancelled
T1561,2025-04-26,Operations,Port Harcourt,10617.93,28779.84,4481.37,79713.13,207579.93,-127866.8,21554.15,Acme Ltd,Vendor B,Paid
T1562,2025-03-12,Sales,Port Harcourt,-5000.0,18875.84,4392.62,379300.45,314744.78,64555.66999999998,-40791.81,,Vendor B,Cancelled
T1563,2025-04-02,Operations,Abuja,27136.08,10160.35,8371.05,398305.68,294566.08,103739.6,-48815.58,,Vendor B,Paid
T1564,2025-06-06,Operations,Lagos,-5000.0,25594.71,3023.11,94757.27,164874.89,-70117.62000000001,-46250.62,Globex,Vendor B,Paid
T1565,2026-04-08,Finance,Port Harcourt,,12592.16,5585.85,213620.25,381110.28,-167490.03,39621.9,Zenith,Vendor B,Cancelled
T1566,2026-06-13,Sales,Port Harcourt,21460.75,11866.16,8819.05,282898.66,9013.29,273885.37,-22736.1,Zenith,Vendor B,Paid
T1567,2025-04-29,Sales,Abuja,,8622.73,7202.25,198053.25,82826.71,115226.54,19572.62,Zenith,Vendor A,Paid
T1568,2025-04-09,Operations,Lagos,5139.16,18667.66,9073.75,132265.74,82499.73,82053.48,-177.74,Acme Ltd,Vendor A,Paid
T1569,2025-04-27,Sales,Lagos,-5000.0,18800.46,7508.01,289059.07,134870.58,184983.58,-27037.32,Zenith,Vendor B,Cancelled
T1570,2025-08-12,Operations,Lagos,4296.89,29803.29,8084.53,27002.98,308543.86,-281540.88,-16032.7,,Vendor A,Pending
T1571,2025-04-10,Sales,Lagos,38652.01,21894.1,2703.45,383999.02,321625.98,62373.04000000004,-41563.58,,Vendor B,Paid
T1572,2026-05-31,Sales,Port Harcourt,,1653.9,4071.18,154331.02,286006.03,-131675.01,8460.8,Acme Ltd,Vendor B,Paid
T1573,2025-02-16,Sales,Abuja,47413.6,16362.38,9302.62,179390.44,118353.52,61036.92,43218.53,,Vendor A,Paid
T1574,2025-07-06,Finance,Abuja,,13423.11,6136.56,473416.94,85818.21,387598.73,-40846.93,Acme Ltd,Vendor A,Paid
T1575,2025-08-27,Sales,Abuja,,5212.79,6596.41,179401.64,302910.87,129877.18,6750.76,Zenith,Vendor A,Paid
T1576,2025-09-03,Sales,Lagos,-5000.0,14212.0,3444.58,426025.39,298275.52,127749.87,34396.74,,Vendor B,Pending
T1577,2025-09-19,Operations,Port Harcourt,,5112.83,6214.78,92851.9,188774.81,-95922.91,47394.49,Zenith,Vendor B,Cancelled
T1578,2026-03-11,Operations,Lagos,,22318.23,8238.56,309309.19,185933.66,123375.53,21161.29,Globex,Vendor B,Cancelled
T1579,2025-06-09,Sales,Abuja,12240.99,2686.69,4442.66,347153.94,166479.35,180674.59,-6623.22,Zenith,Vendor A,Pending
T1580,2025-05-14,Finance,Port Harcourt,42237.29,11957.35,9657.47,376587.04,162229.23,214357.81,-29695.22,Zenith,Vendor A,Paid
T1581,2026-01-02,Finance,Abuja,27159.19,7658.87,3015.6,424944.12,146892.91,278051.21,-9113.51,Acme Ltd,Vendor A,Paid
T1582,2025-01-31,Operations,Lagos,,13374.61,3613.02,485364.86,237900.15,247464.71,-23038.0,Acme Ltd,Vendor B,Pending
T1583,2026-06-11,Sales,Port Harcourt,,13043.69,6811.37,207873.92,168487.72,39386.20000000001,-43685.1,Globex,Vendor A,Paid
T1584,2026-04-23,Operations,Lagos,40463.4,17143.95,2259.29,410444.99,340691.97,195505.55,28809.88,,Vendor A,Paid
T1585,2026-06-23,Sales,Lagos,,2382.8,7560.09,229048.51,170732.85,58315.66,46637.79,,Vendor B,Pending
T1586,2025-11-24,Sales,Abuja,47976.06,8385.26,5557.17,480504.67,234873.66,245631.01,18842.63,,Vendor A,Cancelled
T1587,2025-03-25,Sales,Lagos,-5000.0,18755.34,9664.0,366122.0,314593.25,51528.75,32553.21,Globex,Vendor B,Paid
T1588,2025-10-04,HR,Lagos,,23713.66,5731.0,153416.48,185546.11,-32129.62999999998,-21848.22,,Vendor B,Paid
T1589,2026-03-18,Sales,Port Harcourt,,7782.48,2189.07,62273.11,333138.82,-270865.71,11766.66,,Vendor B,Cancelled
T1590,2025-04-29,Operations,Lagos,,13525.58,1512.61,327230.01,167324.83,159905.18,-30379.87,,Vendor B,Cancelled
T1591,2025-11-22,HR,Lagos,1360.54,18419.37,8142.68,463405.24,241842.94,221562.3,-16287.09,,Vendor A,Paid
T1592,2026-05-31,Sales,Lagos,-5000.0,20998.03,5026.2,112329.62,316118.48,-203788.86,35769.96,,Vendor B,Paid
T1593,2025-03-16,Sales,Port Harcourt,-5000.0,5314.73,6603.69,133521.54,282427.88,-148906.34,24146.21,,Vendor A,Cancelled
T1594,2026-06-21,Finance,Port Harcourt,19251.74,6543.19,9296.48,117357.18,56189.22,61167.95999999999,16680.15,Zenith,Vendor A,Pending
T1595,2026-03-23,HR,Abuja,-5000.0,22280.41,8403.17,379769.11,28694.02,351075.09,-20581.5,Zenith,Vendor A,Paid
T1596,2025-09-16,Sales,Lagos,-5000.0,25117.91,3377.47,289355.3,78331.89,211023.41,291.86,Zenith,Vendor A,Paid
T1597,2026-01-12,Sales,Abuja,47545.7,556.91,6984.58,461276.36,160062.8,301213.56,49261.15,Zenith,Vendor A,Paid
T1005,2025-10-08,Sales,Port Harcourt,43713.79,25866.53,3051.78,411123.6,246109.59,165014.01,-20463.42,Acme Ltd,Vendor B,Cancelled
T1599,2025-11-15,Finance,Port Harcourt,,21086.61,3498.47,34061.49,297295.0,-263233.51,7420.75,,Vendor B,Pending
T1600,2025-06-20,Sales,Abuja,-5000.0,24271.27,9700.07,13523.63,227118.18,-213594.55,17861.96,Globex,Vendor B,Pending
T1601,2025-08-14,Sales,Lagos,26403.87,4411.49,1229.85,120090.94,355862.73,-235771.79,-31968.05,Zenith,Vendor B,Paid
T1602,2026-05-23,Sales,Port Harcourt,-5000.0,4388.88,6450.67,314978.38,195619.99,119358.39,-41208.63,,Vendor A,Pending
T1603,2025-06-26,Operations,Abuja,-5000.0,26138.82,9909.11,16864.01,235591.84,-218727.83,43615.13,Acme Ltd,Vendor A,Paid
T1604,2025-08-22,Operations,Lagos,,21236.19,3439.91,439833.39,398427.4,41405.98999999999,43574.21,Zenith,Vendor A,Pending
T1605,2026-03-15,Operations,Lagos,-5000.0,6361.4,7763.04,195102.65,163258.55,31844.10000000001,5912.66,Zenith,Vendor B,Pending
T1606,2025-01-02,Finance,Abuja,39922.97,8078.79,1940.66,325720.74,367253.12,-41532.38,7826.01,Zenith,Vendor B,Paid
T1607,2026-02-15,Finance,Lagos,,7122.4,7086.52,286253.87,339533.43,-53279.56,-23018.97,,Vendor B,Paid
T1608,2026-06-11,Sales,Lagos,6618.42,14548.88,5075.0,401875.25,12936.87,388938.38,27408.3,,Vendor A,Pending
T1609,2026-04-10,Sales,Abuja,36118.35,5647.71,5930.33,448760.97,52558.12,396202.85,9270.09,Globex,Vendor B,Paid
T1610,2025-07-15,Operations,Port Harcourt,16534.11,13391.55,3193.82,444290.86,198240.02,246050.84,-16220.22,Zenith,Vendor A,Paid
T1611,2025-07-04,Sales,Abuja,39909.11,7374.34,5355.04,459374.27,91796.42,367577.85,30973.87,Zenith,Vendor B,Pending
T1612,2026-02-04,HR,Port Harcourt,-5000.0,4708.47,8542.45,18723.14,142827.21,-124104.07,17531.95,,Vendor B,Cancelled
T1613,2025-06-06,Operations,Port Harcourt,,26465.25,7310.69,121680.69,278277.68,-156596.99,-4157.43,,Vendor B,Cancelled
T1614,2025-03-08,Finance,Port Harcourt,,3463.47,4921.64,280378.65,365619.33,35341.04,-33509.69,Globex,Vendor B,Pending
T1615,2025-02-05,Sales,Abuja,,28296.61,2867.14,203702.75,31790.13,5329.21,18248.74,Acme Ltd,Vendor A,Paid
T1616,2026-01-03,Sales,Lagos,-5000.0,21594.39,6823.92,85851.07,94103.65,-8252.579999999987,12900.96,Acme Ltd,Vendor B,Paid
T1617,2025-02-23,Sales,Lagos,3807.17,26013.44,4304.83,432608.79,330576.47,40874.58,157.82,Acme Ltd,Vendor A,Paid
T1618,2025-02-18,Operations,Lagos,,2005.5,9547.99,253258.5,390916.05,-137657.55,-47237.13,Globex,Vendor B,Paid
T1619,2025-11-08,Operations,Lagos,-5000.0,6941.36,8574.55,409597.38,248114.88,161482.5,-28203.32,,Vendor A,Paid
T1620,2025-01-09,Operations,Port Harcourt,-5000.0,10039.65,8680.46,58787.14,393674.19,-334887.05,23699.36,,Vendor B,Cancelled
T1621,2025-12-08,Sales,Port Harcourt,10890.08,19886.31,3376.19,388202.67,23583.89,364618.78,31457.42,Zenith,Vendor A,Pending
T1622,2025-05-18,Finance,Lagos,,24570.79,5775.89,180405.29,251013.01,-70607.72,-32670.88,,Vendor A,Paid
T1623,2025-12-07,Sales,Port Harcourt,-5000.0,22844.03,8836.06,120967.04,303824.57,-182857.53,23995.36,Zenith,Vendor B,Paid
T1624,2025-02-05,Finance,Abuja,40742.87,516.48,1465.8,342768.59,62107.69,280660.9,-43159.84,Zenith,Vendor B,Cancelled
T1625,2026-02-15,Sales,Lagos,-5000.0,7214.45,1729.47,99298.86,92357.08,6941.779999999999,6481.06,,Vendor B,Paid
T1626,2025-07-21,Operations,Abuja,,13697.22,6190.38,320438.31,287556.38,32881.92999999999,-18382.35,Zenith,Vendor B,Cancelled
T1627,2026-06-19,Sales,Lagos,4686.93,8097.81,4453.31,96546.49,47526.96,49019.53000000001,16161.79,Acme Ltd,Vendor B,Pending
T1628,2025-01-05,HR,Lagos,-5000.0,21792.47,5957.77,365899.23,388649.63,-22750.40000000002,27761.25,Zenith,Vendor A,Paid
T1629,2025-10-01,Sales,Abuja,-5000.0,25074.2,9167.45,344490.12,40484.95,304005.17,-10122.68,,Vendor A,Pending
T1630,2025-04-27,Sales,Lagos,46843.54,29247.12,627.95,227534.56,57369.47,170165.09,19381.59,,Vendor A,Pending
T1631,2025-08-31,Sales,Port Harcourt,,2755.39,879.21,340674.26,305862.99,34811.27000000002,39401.75,,Vendor B,Pending
T1632,2025-04-25,Operations,Lagos,26249.83,8043.33,9399.16,174937.92,181613.33,-6675.409999999974,42369.43,,Vendor A,Pending
T1633,2025-12-07,Operations,Port Harcourt,-5000.0,15927.95,6921.06,496985.73,126956.51,370029.22,-42118.33,Zenith,Vendor B,Pending
T1634,2025-06-21,Operations,Lagos,2932.62,29495.54,8293.63,367118.55,235719.86,131398.69,-12812.71,,Vendor B,Cancelled
T1635,2025-08-04,HR,Abuja,-5000.0,7104.12,3607.39,20719.82,366680.61,-345960.79,-37989.59,Globex,Vendor B,Paid
T1636,2025-10-08,HR,Lagos,,20033.51,9824.24,318131.78,65064.77,253067.01,33365.29,,Vendor A,Cancelled
T1637,2025-06-23,HR,Lagos,32033.95,23700.14,9842.41,85507.62,38817.28,46690.34,-34042.4,Zenith,Vendor A,Paid
T1638,2025-03-31,HR,Lagos,-5000.0,26298.32,5949.72,101994.88,33779.92,68214.96,-26906.96,,Vendor B,Paid
T1639,2025-05-15,Sales,Lagos,,14088.66,1062.6,386538.49,390660.44,-4121.950000000012,-46982.06,Acme Ltd,Vendor A,Cancelled
T1640,2025-02-17,Operations,Lagos,36717.62,1405.17,7644.27,133844.71,162294.18,-28449.47,38116.17,Zenith,Vendor A,Pending
T1641,2025-10-07,Operations,Lagos,-5000.0,20176.39,8585.29,102633.41,256183.17,-153549.76,-18534.33,,Vendor B,Cancelled
T1642,2025-10-19,Operations,Lagos,,10460.08,1154.82,77871.16,5231.22,72639.94,-5985.38,Zenith,Vendor B,Pending
T1643,2026-06-04,Sales,Lagos,20283.66,29181.34,4079.16,349658.99,365997.77,-16338.78000000003,-49267.49,Acme Ltd,Vendor A,Paid
T1644,2025-12-20,Finance,Lagos,,8166.69,6495.38,449350.21,385503.25,63846.96000000002,22604.92,,Vendor B,Paid
T1005,2025-07-02,Sales,Lagos,-5000.0,20118.76,5348.72,413853.83,268157.16,145696.67,-26420.07,,Vendor B,Paid
T1646,2025-06-26,Finance,Port Harcourt,,16670.32,6118.29,254282.64,38544.75,157690.22,25173.49,Acme Ltd,Vendor A,Cancelled
T1647,2026-03-06,Operations,Lagos,1481.72,4235.98,7121.01,73290.35,298152.15,-224861.8,731.15,,Vendor B,Cancelled
T1648,2025-05-18,Sales,Lagos,-5000.0,7213.21,9418.35,217645.58,238929.14,-21283.56000000003,-43806.18,,Vendor A,Cancelled
T1649,2026-01-04,Sales,Lagos,2062.76,20378.65,3658.71,115443.99,116224.25,-780.2599999999948,40721.78,,Vendor A,Pending
T1650,2025-06-09,Operations,Port Harcourt,-5000.0,2297.51,582.22,430379.05,194874.15,235504.9,43862.5,Zenith,Vendor A,Paid
T1651,2025-10-22,Operations,Lagos,,1075.52,4136.42,187892.47,163752.0,24140.47,-41027.4,Globex,Vendor B,Cancelled
T1652,2026-05-10,Sales,Abuja,18205.69,8264.61,2381.05,355171.67,70229.27,284942.4,30174.61,Zenith,Vendor A,Paid
T1653,2025-07-12,Sales,Lagos,,12208.84,8911.26,168648.89,31211.08,137437.81,-44809.82,,Vendor B,Paid
T1654,2025-09-16,HR,Port Harcourt,,11043.45,9063.92,282314.21,151371.01,130943.2,9790.79,Zenith,Vendor A,Paid
T1655,2025-04-09,Finance,Lagos,10684.01,4885.61,2834.64,292860.95,134059.2,158801.75,9959.78,Zenith,Vendor B,Paid
T1656,2025-11-21,Sales,Lagos,20788.37,28825.14,5701.41,168705.61,236825.68,24131.48,-12116.79,Zenith,Vendor A,Paid
T1657,2026-01-28,Finance,Lagos,-5000.0,25205.12,6554.78,331894.63,181675.07,150219.56,-28454.65,Globex,Vendor A,Paid
T1658,2025-12-31,Operations,Lagos,19477.16,25111.86,3977.09,359797.37,299360.66,60436.71000000002,-47966.95,,Vendor A,Cancelled
T1659,2026-06-15,Sales,Abuja,-5000.0,7534.64,7029.29,395262.63,371833.55,23429.08000000002,-22939.72,Globex,Vendor A,Paid
T1660,2026-02-12,Operations,Lagos,,11679.61,8023.13,132026.73,304170.64,-172143.91,3762.44,,Vendor A,Pending
T1661,2025-02-07,Finance,Abuja,33787.95,28868.37,9323.75,59937.26,342794.54,-282857.28,21581.38,Globex,Vendor B,Paid
T1662,2025-09-20,HR,Abuja,22848.36,23031.04,1731.03,470463.59,235384.16,235079.43,-22515.53,Zenith,Vendor B,Paid
T1663,2026-03-30,Sales,Abuja,-5000.0,7649.6,9767.42,233046.61,93330.96,139715.65,-9872.33,Acme Ltd,Vendor A,Paid
T1664,2025-10-11,Sales,Port Harcourt,,17190.46,2440.19,484307.21,362415.15,121892.06,-21051.84,,Vendor A,Pending
T1665,2025-02-04,HR,Port Harcourt,46320.0,28864.75,894.84,287616.62,106295.43,181321.19,-7775.1,Globex,Vendor A,Paid
T1005,2025-03-03,Sales,Lagos,14924.93,9810.08,3133.88,57953.04,372171.72,-314218.68,35123.5,Zenith,Vendor A,Paid
T1667,2026-01-14,Operations,Lagos,35088.85,13663.55,4300.99,469019.07,160554.48,308464.59,49211.35,Zenith,Vendor A,Cancelled
T1668,2025-11-13,Sales,Lagos,5426.3,11628.55,5136.54,192503.07,380417.75,-187914.68,37507.06,Zenith,Vendor A,Paid
T1669,2025-05-21,HR,Lagos,,14994.29,5209.75,207187.38,80655.48,126531.9,5610.9,Zenith,Vendor B,Paid
T1670,2026-01-11,Operations,Abuja,-5000.0,6797.74,2817.9,91924.3,11072.84,80851.46,4227.2,,Vendor B,Paid
T1671,2025-07-04,Operations,Abuja,-5000.0,24391.2,546.35,363541.7,217286.01,146255.69,1584.17,Zenith,Vendor B,Paid
T1672,2025-02-21,Finance,Port Harcourt,36819.29,21700.93,9064.07,239219.25,24490.38,214728.87,-10924.79,Acme Ltd,Vendor A,Paid
T1673,2025-09-10,Operations,Lagos,,1866.07,7581.17,199172.43,23193.5,175978.93,-24431.59,,Vendor B,Paid
T1674,2026-04-24,HR,Lagos,13083.3,3151.82,7518.67,264900.51,330116.29,-65215.77999999997,-8974.59,Acme Ltd,Vendor B,Paid
T1675,2026-03-29,Sales,Lagos,-5000.0,24874.13,3261.04,404752.01,356950.01,47802.0,3448.95,,Vendor B,Paid
T1676,2025-11-13,HR,Abuja,-5000.0,10242.77,5606.61,390825.14,72486.47,318338.67,-4460.25,Acme Ltd,Vendor B,Pending
T1677,2026-04-12,Finance,Lagos,-5000.0,22477.93,4718.28,425775.42,350436.66,75338.76000000001,-17784.68,,Vendor A,Paid
T1678,2026-04-25,Sales,Port Harcourt,34160.6,2511.28,1200.28,416120.71,69879.2,346241.51,-34324.28,Globex,Vendor A,Paid
T1679,2025-08-14,Sales,Lagos,-5000.0,25029.58,3360.04,444051.4,228906.01,215145.39,36359.62,Acme Ltd,Vendor B,Pending
T1680,2026-06-21,HR,Port Harcourt,-5000.0,15862.5,8397.71,98447.33,382954.99,-284507.66,-14068.31,Zenith,Vendor A,Paid
T1681,2026-05-27,Sales,Abuja,-5000.0,721.85,3654.86,420907.14,146182.31,274724.83,3665.58,Acme Ltd,Vendor B,Paid
T1682,2025-01-18,Finance,Lagos,-5000.0,12479.92,9973.69,357806.93,28491.21,143361.66,-10103.89,,Vendor A,Paid
T1683,2025-02-23,Finance,Abuja,,26544.09,5019.86,319094.05,330191.33,-11097.28000000003,-33762.31,Acme Ltd,Vendor A,Paid
T1684,2025-03-16,Finance,Port Harcourt,18767.99,3203.03,6359.42,353301.75,338435.18,14866.57000000001,16013.77,Zenith,Vendor B,Pending
T1685,2026-02-07,Sales,Port Harcourt,,20595.63,2509.32,73240.47,275751.86,-202511.39,37530.82,,Vendor B,Pending
T1686,2026-04-17,Sales,Port Harcourt,42612.36,29312.97,2421.63,361866.68,359417.51,233595.78,19184.27,,Vendor A,Paid
T1687,2025-09-19,Operations,Lagos,2515.83,12865.58,989.18,279126.09,363161.21,-84035.12,37057.85,,Vendor A,Paid
T1688,2025-09-09,Operations,Abuja,,17495.01,7004.16,45887.62,332189.89,-286302.27,-18214.86,Zenith,Vendor A,Pending
T1689,2025-05-08,HR,Abuja,-5000.0,25710.6,340.47,77193.08,325467.6,-248274.52,39161.25,,Vendor B,Paid
T1690,2026-03-13,Operations,Abuja,-5000.0,25461.39,9877.52,329020.73,324118.76,243835.95,-14995.04,,Vendor A,Paid
T1691,2026-01-09,Sales,Abuja,26318.55,17282.05,7341.29,279068.49,335227.04,-56158.54999999999,19775.15,,Vendor A,Paid
T1692,2025-02-21,HR,Lagos,,7616.92,6428.49,145395.36,276438.72,-131043.36,2131.63,Zenith,Vendor B,Cancelled
T1005,2025-10-14,Operations,Lagos,-5000.0,18263.64,6162.25,162450.72,247989.59,-85538.87,-34819.57,,Vendor A,Cancelled
T1694,2025-03-03,Sales,Lagos,19932.65,10826.21,1207.55,269305.64,334389.59,-65083.95000000001,-18264.96,,Vendor B,Cancelled
T1695,2025-12-28,Operations,Lagos,,29466.68,6431.51,418188.24,157563.13,260625.11,-21415.37,Zenith,Vendor B,Pending
T1696,2026-04-04,Finance,Lagos,45171.85,25034.15,9565.8,72223.33,236796.36,-164573.03,-4070.89,Acme Ltd,Vendor A,Paid
T1697,2026-06-09,Finance,Port Harcourt,10257.83,1929.87,5321.03,415525.99,18863.6,396662.39,-16338.67,Zenith,Vendor A,Paid
T1698,2025-06-16,Operations,Port Harcourt,-5000.0,11312.53,1285.41,66981.26,383569.94,-316588.68,-11292.98,,Vendor A,Cancelled
T1699,2026-06-17,Sales,Lagos,1439.34,5890.78,8335.8,64539.2,201318.6,-136779.4,-2821.3,Zenith,Vendor B,Paid
T1700,2026-01-31,Operations,Port Harcourt,21039.62,7533.21,6818.76,139119.0,141410.98,-2291.98000000001,2212.51,Zenith,Vendor A,Pending
T1701,2025-04-05,Operations,Port Harcourt,-5000.0,4063.88,8509.64,90100.22,133404.19,-43303.97,-20495.26,Globex,Vendor B,Paid
T1702,2025-01-31,Sales,Lagos,,22023.45,3233.43,316437.7,138190.23,178247.47,-14887.78,,Vendor A,Paid
T1703,2025-12-08,Sales,Lagos,-5000.0,27563.51,7911.24,40036.33,83328.31,-43291.98,40081.16,Globex,Vendor B,Paid
T1704,2025-03-23,Operations,Lagos,40342.35,17648.63,6717.68,336370.41,130795.09,205575.32,-6734.1,Zenith,Vendor A,Cancelled
T1705,2025-03-20,HR,Lagos,-5000.0,21413.15,7588.44,321495.16,91387.0,230108.16,34323.35,,Vendor A,Cancelled
T1706,2025-08-02,HR,Lagos,-5000.0,28495.37,219.3,327732.45,214778.25,112954.2,-4287.65,Acme Ltd,Vendor B,Paid
T1707,2026-03-29,Finance,Lagos,25742.73,24031.41,8023.58,151027.04,302514.51,-151487.47,25438.5,,Vendor A,Paid
T1708,2026-05-25,Sales,Lagos,,9320.1,6104.16,140741.65,389851.41,221021.64,-37773.23,Acme Ltd,Vendor B,Paid
T1709,2025-03-03,Finance,Abuja,,5749.75,9267.6,95641.45,320519.45,-224878.0,25999.8,Globex,Vendor B,Paid
T1710,2025-02-08,HR,Abuja,33956.89,24559.65,6252.28,145843.68,202990.44,-57146.76000000001,-37013.25,,Vendor B,Pending
T1711,2025-11-19,Sales,Abuja,8378.79,2473.77,8072.77,43310.12,321502.14,-278192.02,25853.74,,Vendor A,Paid
T1712,2025-01-09,Operations,Lagos,-5000.0,29626.06,9767.11,55852.07,94780.41,-38928.34,9904.02,,Vendor A,Paid
T1713,2025-10-07,Operations,Abuja,-5000.0,13344.22,5997.06,45330.96,108815.76,-63484.8,45346.67,Acme Ltd,Vendor B,Cancelled
T1714,2025-01-20,Operations,Lagos,-5000.0,14021.53,4392.82,354390.69,294801.83,59588.85999999999,-43260.05,Acme Ltd,Vendor B,Paid
T1715,2025-06-16,Operations,Abuja,,23104.64,7553.98,81247.54,166580.5,-85332.96,-7978.02,Zenith,Vendor B,Paid
T1716,2025-12-15,Sales,Lagos,,5149.4,9431.47,230354.67,94556.74,135797.93,-32738.99,,Vendor A,Paid
T1717,2025-08-15,Finance,Lagos,20680.91,10721.2,9741.73,195663.33,373977.22,-178313.89,30593.85,,Vendor B,Paid
T1718,2025-08-04,HR,Port Harcourt,-5000.0,13074.39,9223.43,101119.93,114390.69,-13270.76000000001,45322.15,Acme Ltd,Vendor A,Cancelled
T1719,2026-02-16,Sales,Abuja,9067.43,20243.28,8870.4,137154.8,196918.24,-59763.44,3384.54,Acme Ltd,Vendor A,Pending
T1720,2025-07-26,Sales,Lagos,,3529.37,5728.29,62206.48,331669.18,-269462.7,-15983.54,Acme Ltd,Vendor B,Pending
T1721,2026-01-30,Sales,Lagos,37206.14,19435.87,527.94,244692.55,323216.73,-78524.18,43292.72,Acme Ltd,Vendor A,Paid
T1722,2025-06-23,Sales,Port Harcourt,-5000.0,12472.03,5583.49,52515.64,383927.98,-331412.34,-6559.71,Zenith,Vendor B,Paid
T1723,2026-03-25,Operations,Port Harcourt,28768.14,18691.19,1567.17,181123.51,185490.85,-4367.339999999997,-37985.36,Globex,Vendor B,Paid
T1724,2025-04-18,Sales,Lagos,-5000.0,29699.86,7584.96,30126.01,144513.43,-114387.42,30144.58,,Vendor B,Paid
T1725,2026-05-23,Sales,Lagos,24147.21,21512.5,2445.04,241786.53,244227.41,-2440.880000000005,36125.6,Globex,Vendor B,Cancelled
T1726,2025-12-28,Sales,Lagos,-5000.0,21376.18,2299.18,249131.99,388066.64,-138934.65,3586.65,,Vendor A,Paid
T1727,2025-01-07,HR,Lagos,18360.31,3672.04,1475.21,85932.25,313955.98,-228023.73,-10372.29,,Vendor B,Paid
T1728,2025-05-30,Sales,Abuja,14319.63,20768.57,7760.89,391169.19,10265.81,380903.38,-23559.55,Acme Ltd,Vendor A,Paid
T1729,2025-09-17,Finance,Lagos,-5000.0,7373.6,4997.6,410798.85,62843.79,347955.06,-21681.01,,Vendor B,Paid
T1005,2026-01-14,Operations,Port Harcourt,-5000.0,29674.18,9640.82,250698.48,74192.28,176506.2,38626.86,Zenith,Vendor A,Paid
T1731,2025-10-09,HR,Lagos,-5000.0,9502.65,335.85,249935.41,343254.01,-93318.6,24150.62,,Vendor A,Cancelled
T1732,2025-07-26,Operations,Port Harcourt,-5000.0,22923.47,4048.75,110634.88,187377.84,-76742.95999999999,29927.86,,Vendor B,Cancelled
T1733,2026-01-30,Operations,Lagos,-5000.0,29050.38,2717.19,133125.79,170241.83,-37116.03999999998,-51.95,Globex,Vendor A,Paid
T1734,2025-09-21,Finance,Lagos,-5000.0,6169.33,360.54,329724.86,229279.0,100445.86,-19309.98,Acme Ltd,Vendor A,Paid
T1735,2026-02-14,Operations,Port Harcourt,,3617.56,6503.62,487782.25,243227.23,244555.02,-23687.59,,Vendor A,Paid
T1736,2026-02-02,Finance,Lagos,45916.05,14104.69,7156.69,453708.53,375046.58,78661.95000000001,-29308.1,Zenith,Vendor B,Cancelled
T1737,2025-03-09,HR,Lagos,18268.95,17626.6,2525.08,342277.13,15303.51,326973.62,29698.09,Globex,Vendor B,Paid
T1005,2025-09-17,Sales,Port Harcourt,-5000.0,25632.37,6901.74,364612.84,358491.85,6120.990000000049,22504.78,,Vendor A,Pending
T1739,2026-03-11,HR,Lagos,5075.09,13896.21,3070.31,31997.19,388033.24,-356036.05,11784.08,,Vendor B,Paid
T1740,2025-08-16,Finance,Lagos,46567.94,24184.19,3862.43,200943.3,143661.1,57282.19999999998,-4723.38,Acme Ltd,Vendor B,Paid
T1741,2025-11-09,Sales,Lagos,-5000.0,10218.15,9569.64,109497.08,187318.63,-77821.55,-22205.91,,Vendor A,Paid
T1742,2025-10-18,Operations,Abuja,-5000.0,17625.84,8229.66,258942.39,154570.46,104371.93,-26747.9,Acme Ltd,Vendor A,Paid
T1743,2026-04-23,Operations,Port Harcourt,39777.75,20930.59,3591.8,170650.24,212728.56,-42078.32000000001,44549.44,Zenith,Vendor A,Cancelled
T1744,2025-11-23,Finance,Abuja,-5000.0,24878.03,5962.58,286463.06,192855.15,4496.87,-10394.42,Zenith,Vendor A,Cancelled
T1005,2025-09-04,HR,Lagos,,21841.2,4223.42,75045.04,30791.77,44253.26999999999,31266.4,Zenith,Vendor B,Paid
T1746,2025-01-12,Operations,Port Harcourt,-5000.0,25482.87,984.22,60662.11,164679.36,-104017.25,20259.88,,Vendor B,Paid
T1747,2025-01-11,Sales,Port Harcourt,,23752.48,709.48,482433.82,184805.91,297627.91,-47150.74,,Vendor A,Paid
T1748,2025-01-20,Sales,Port Harcourt,-5000.0,9626.6,7267.61,408808.85,175599.74,233209.11,49077.82,Globex,Vendor B,Pending
T1749,2026-01-11,Sales,Abuja,9313.06,18510.95,2744.24,368229.26,215758.45,152470.81,-31556.58,,Vendor A,Pending
T1750,2026-01-19,HR,Lagos,-5000.0,29765.86,7469.74,449417.92,312638.63,136779.29,-2399.47,Acme Ltd,Vendor A,Paid
T1751,2025-11-29,Operations,Abuja,,5864.35,8675.83,238477.88,364941.28,-126463.4,-11941.69,Zenith,Vendor B,Pending
T1752,2025-09-28,HR,Lagos,-5000.0,5425.1,8001.85,474958.4,36378.26,438580.14,-11074.93,Globex,Vendor B,Cancelled
T1753,2025-11-27,Operations,Port Harcourt,44609.0,28745.6,4546.35,143323.36,94966.61,178405.68,-41462.91,Zenith,Vendor B,Paid
T1754,2025-02-04,Sales,Port Harcourt,,21574.26,5355.0,318772.24,281573.49,37198.75,-8066.05,Zenith,Vendor B,Cancelled
T1755,2025-08-29,Operations,Lagos,-5000.0,22101.74,6832.03,53157.58,36062.84,17094.74000000001,47207.32,,Vendor B,Cancelled
T1756,2025-02-16,Sales,Port Harcourt,-5000.0,23033.61,7390.16,241427.28,259081.97,-17654.69,42093.85,,Vendor A,Pending
T1757,2025-02-12,Finance,Lagos,-5000.0,10364.94,8027.88,301968.72,71913.22,230055.5,47341.51,,Vendor B,Paid
T1758,2026-06-09,Sales,Lagos,,26270.91,6031.53,289546.48,332194.67,-42648.19,-23236.14,Acme Ltd,Vendor B,Paid
T1759,2025-03-09,Operations,Lagos,-5000.0,4683.28,7420.72,96197.58,174354.42,-78156.84000000001,30695.25,Acme Ltd,Vendor B,Pending
T1760,2025-08-22,Finance,Abuja,45878.24,9854.96,5888.88,355710.04,228849.89,126860.15,-5915.29,Globex,Vendor B,Pending
T1761,2025-05-17,Sales,Lagos,49956.82,13716.59,9596.97,350995.97,270622.59,290454.2,25209.77,,Vendor B,Paid
T1762,2025-04-28,Sales,Lagos,20891.77,13670.0,7781.51,274896.09,173611.58,101284.51,5715.34,Acme Ltd,Vendor B,Paid
T1763,2026-04-19,Sales,Abuja,47724.41,5829.28,1885.65,197226.18,213445.22,-16219.04000000001,-35861.31,Globex,Vendor B,Cancelled
T1764,2026-02-25,HR,Abuja,-5000.0,13224.97,2143.24,436023.42,243667.62,192355.8,45110.65,Zenith,Vendor B,Paid
T1765,2025-09-13,HR,Lagos,,9764.5,9420.37,486505.86,55103.4,431402.46,8724.37,Globex,Vendor B,Pending
T1766,2025-09-10,Operations,Abuja,40156.59,14961.21,1149.71,240102.3,191296.98,48805.31999999998,-34144.08,,Vendor B,Pending
T1767,2025-02-12,Sales,Port Harcourt,19786.13,6967.97,9260.19,293111.38,234810.07,58301.31,-21040.96,Zenith,Vendor A,Paid
T1768,2026-05-09,Operations,Lagos,-5000.0,24383.34,4014.91,194934.93,285101.24,-90166.31,-5068.01,Globex,Vendor A,Pending
T1769,2025-02-28,Sales,Abuja,1004.44,23507.39,3367.75,378977.36,301173.29,77804.07,16368.55,,Vendor A,Paid
T1770,2025-03-13,HR,Lagos,48605.44,5290.3,9658.25,371516.67,64928.65,306588.02,45044.92,Zenith,Vendor B,Cancelled
T1771,2025-06-29,HR,Lagos,26017.3,17187.72,561.71,237293.31,152083.57,85209.73999999999,21825.73,Globex,Vendor B,Cancelled
T1772,2025-11-21,Sales,Port Harcourt,-5000.0,14818.32,9720.52,366821.43,386349.17,-19527.73999999999,35061.86,Globex,Vendor B,Cancelled
T1773,2025-12-01,Operations,Lagos,9465.13,16946.41,4143.7,16673.2,363616.27,-346943.07,1464.02,Zenith,Vendor A,Paid
T1774,2025-06-13,Finance,Lagos,43389.59,15462.77,3779.5,29665.96,360272.14,-330606.18,-45633.06,Zenith,Vendor A,Pending
T1775,2026-01-24,Operations,Abuja,29795.38,27589.47,8144.31,14541.13,375375.0,-360833.87,35713.72,Globex,Vendor B,Paid
T1776,2025-04-21,Finance,Port Harcourt,-5000.0,8197.34,907.45,272816.83,78477.17,14283.91,-4166.4,Zenith,Vendor A,Paid
T1777,2026-04-14,Finance,Port Harcourt,12363.01,1050.19,7999.11,363141.59,355206.43,7935.160000000033,-32994.51,Zenith,Vendor A,Paid
T1778,2025-12-02,Operations,Lagos,,26153.49,9431.96,58332.19,53202.29,47419.19,44437.97,Acme Ltd,Vendor A,Pending
T1779,2026-03-20,Sales,Lagos,,7857.86,8842.88,52281.61,100343.51,-48061.89999999999,-43439.7,,Vendor A,Cancelled
T1780,2025-07-17,Finance,Lagos,44177.87,13489.66,1437.86,439940.19,186600.26,253339.93,6188.03,,Vendor A,Paid
T1781,2025-10-01,Operations,Abuja,,10141.26,7978.66,130504.13,384805.11,-254300.98,-17454.89,Globex,Vendor A,Cancelled
T1782,2025-11-23,Sales,Abuja,,22795.95,4309.09,438048.93,144628.1,293420.83,43087.62,Acme Ltd,Vendor B,Paid
T1783,2026-01-29,Operations,Port Harcourt,,6913.1,3558.21,159093.81,379135.04,-220041.23,22588.44,Zenith,Vendor B,Pending
T1005,2025-09-14,HR,Port Harcourt,,11287.12,6704.37,466216.55,205276.15,260940.4,48343.42,,Vendor A,Pending
T1785,2026-02-13,Operations,Port Harcourt,10207.84,6905.08,1171.7,276136.39,385715.61,-109579.22,-11820.45,,Vendor A,Paid
T1786,2025-04-23,Finance,Port Harcourt,-5000.0,19444.6,9584.03,207333.92,298346.92,-91012.99999999997,-37261.9,,Vendor A,Paid
T1787,2025-05-18,HR,Abuja,21937.11,3759.88,7911.14,452796.81,352354.84,100441.97,-41700.23,Acme Ltd,Vendor B,Pending
T1788,2026-03-23,Operations,Lagos,-5000.0,28616.71,1323.99,182451.15,126446.49,90443.92,-5072.95,Acme Ltd,Vendor B,Cancelled
T1789,2026-02-19,Operations,Lagos,24657.6,15187.19,5140.29,342505.36,392336.56,-49831.20000000001,14708.52,,Vendor B,Paid
T1790,2025-05-15,Operations,Lagos,-5000.0,29866.51,4290.16,11030.94,355647.45,-344616.51,19708.4,,Vendor B,Paid
T1791,2026-04-30,Operations,Lagos,-5000.0,11601.69,5429.42,358911.31,195486.02,163425.29,-16764.45,Acme Ltd,Vendor A,Pending
T1792,2026-03-27,HR,Abuja,-5000.0,12304.93,9295.39,149584.74,180433.67,-30848.93000000002,42921.39,Globex,Vendor A,Pending
T1793,2025-05-04,Sales,Port Harcourt,16253.75,9775.57,6585.85,103364.5,170326.58,-66962.07999999999,33491.22,,Vendor B,Paid
T1794,2026-01-28,Finance,Lagos,,7881.32,7943.89,201626.29,51770.33,149855.96,36280.36,Acme Ltd,Vendor A,Paid
T1795,2025-10-08,Finance,Port Harcourt,,3745.91,4140.19,47288.49,367973.26,-320684.77,-26256.43,,Vendor A,Cancelled
T1796,2026-04-15,Finance,Abuja,,10614.9,8057.51,104019.44,39018.37,65001.07,21596.21,,Vendor B,Paid
T1797,2026-05-07,HR,Lagos,,27415.16,518.83,151679.82,306278.41,-154598.59,-31510.12,Globex,Vendor A,Paid
T1798,2025-11-05,HR,Port Harcourt,-5000.0,19206.27,2817.11,154620.23,393605.06,87203.47,46926.26,,Vendor B,Paid
T1799,2025-07-16,Sales,Port Harcourt,-5000.0,16163.11,7486.77,151285.21,21629.23,129655.98,-27214.35,,Vendor B,Paid
T1800,2025-07-11,Sales,Lagos,46592.6,708.49,2393.22,410914.56,268233.32,142681.24,25732.96,Globex,Vendor B,Pending
T1801,2025-12-17,Operations,Lagos,15615.86,1801.71,8680.58,152630.27,68139.11,84491.15999999999,2050.13,,Vendor B,Paid
